GeoglowsID,Order,StationID,AssignedID,AssignmentReason
9000266,4,,,
9000288,1,,,
9000289,1,,,
9000294,1,,,
9000296,3,,,
9000297,2,,,
9000300,4,,,
9000313,4,,,
9000315,2,,,
9000317,1,,,
9000327,3,,,
9000333,1,,,
9000334,6,,,
9000336,1,,,
9000338,6,,,
9000344,1,,,
9000345,4,,,
9000346,1,,,
9000347,1,,,
9000348,4,,,
9000351,1,,,
9000359,3,,,
9000364,2,,29067050.0,Propagation-2
9000365,2,,29067010.0,Propagation-4
9000366,1,,,
9000371,1,,,
9000374,1,,,
9000375,1,,,
9000376,1,,,
9000390,2,,,
9000391,3,,,
9000394,6,,,
9000395,2,,,
9000396,2,,29067010.0,Propagation-3
9000399,6,,,
9000400,1,29067050.0,29067050.0,spatial
9000407,1,,,
9000411,1,,,
9000412,1,,,
9000413,1,,,
9000415,1,,,
9000416,1,,,
9000417,1,,,
9000425,3,,,
9000430,1,,,
9000432,1,,,
9000433,2,28017080.0,28017080.0,spatial
9000435,2,,,
9000437,1,,,
9000438,2,,28017110.0,Propagation-2
9000442,1,,,
9000449,1,,,
9000454,1,,,
9000455,1,,,
9000464,2,,29067010.0,Propagation-2
9000465,1,,,
9000468,1,,,
9000469,2,,28017080.0,Propagation-2
9000473,1,,,
9000474,1,,,
9000477,2,,29067150.0,Propagation-2
9000480,3,,,
9000481,1,,,
9000482,1,,,
9000484,1,,,
9000487,2,,28017080.0,Propagation-3
9000488,2,,28017110.0,Propagation-2
9000489,1,,,
9000490,2,28017110.0,28017110.0,spatial
9000494,1,,,
9000506,3,,,
9000508,2,29067010.0,29067010.0,spatial
9000526,3,,29067150.0,Propagation-2
9000530,2,,,
9000533,6,,,
9000534,2,,28017110.0,Propagation-3
9000535,2,,28017080.0,Propagation-4
9000536,2,,28017050.0,Propagation-1
9000543,2,,,
9000544,3,,,
9000545,2,29067150.0,29067150.0,spatial
9000545,2,29067130.0,29067130.0,spatial
9000546,1,,,
9000549,1,,,
9000552,1,,,
9000556,3,,28017110.0,Propagation-4
9000557,1,,,
9000559,1,,,
9000573,1,,,
9000590,3,,29067120.0,Propagation-2
9000594,1,,,
9000595,6,,,
9000605,1,,,
9000606,2,,,
9000611,1,,,
9000612,6,,,
9000613,3,,28037030.0,Propagation-1
9000615,1,,,
9000616,1,,,
9000637,1,,,
9000639,2,29067120.0,29067120.0,spatial
9000640,1,,,
9000643,6,,,
9000649,1,,,
9000650,3,,28037030.0,Propagation-4
9000651,2,,29067120.0,Propagation-1
9000652,1,,,
9000655,1,,,
9000656,2,,,
9000657,1,,,
9000658,3,,,
9000667,2,,,
9000673,2,,,
9000675,2,,,
9000678,2,28017050.0,28017050.0,spatial
9000679,3,,28037030.0,Propagation-2
9000687,1,,,
9000688,1,,,
9000690,1,,,
9000692,1,,,
9000693,1,,,
9000694,1,,,
9000695,1,,,
9000700,2,,29067120.0,Propagation-2
9000709,1,,,
9000718,1,,,
9000724,1,,,
9000727,1,,,
9000731,2,,28047010.0,Propagation-1
9000733,6,,29037020.0,Propagation-4
9000735,1,,,
9000739,1,,,
9000743,3,28037030.0,28037030.0,spatial
9000746,2,,,
9000749,1,,,
9000750,1,,,
9000753,3,,28037030.0,Propagation-2
9000754,1,,,
9000765,1,,,
9000766,1,,,
9000769,1,,,
9000770,3,,28037030.0,Propagation-3
9000772,3,,28037030.0,Propagation-4
9000774,1,,,
9000776,1,,,
9000777,1,,,
9000779,2,,,
9000788,1,,,
9000796,6,,29037020.0,Propagation-3
9000809,1,,,
9000811,3,,,
9000817,2,,,
9000819,1,,,
9000820,2,,,
9000821,1,,,
9000826,2,,,
9000827,6,,29037020.0,Propagation-2
9000828,1,,,
9000840,1,,,
9000841,3,,,
9000847,2,,,
9000855,2,28047010.0,28047010.0,spatial
9000856,1,28047040.0,28047040.0,spatial
9000859,1,,,
9000868,1,,,
9000872,1,,,
9000895,1,,,
9000896,6,29037020.0,29037020.0,spatial
9000909,1,,,
9000911,2,,28047010.0,Propagation-2
9000913,1,,,
9000948,2,,,
9000949,3,,,
9000960,6,,29037020.0,Propagation-1
9000963,1,,,
9000964,6,,29037020.0,Propagation-2
9000970,1,,,
9000975,2,,,
9000976,1,,,
9000978,1,,,
9000999,3,,,
9001009,2,,,
9001010,1,,,
9001011,2,28037130.0,28037130.0,spatial
9001012,1,,,
9001022,1,,,
9001032,1,,,
9001033,1,,,
9001039,6,,,
9001040,1,,,
9001046,6,,,
9001047,6,,,
9001049,1,,,
9001055,2,,,
9001056,1,,,
9001064,2,,28047010.0,Propagation-3
9001065,1,,,
9001089,2,,28037130.0,Propagation-2
9001090,1,,,
9001120,1,,,
9001123,1,,,
9001124,3,,,
9001128,1,,,
9001129,2,,,
9001130,1,,,
9001133,2,,,
9001139,1,,,
9001140,2,,28037130.0,Propagation-3
9001146,3,,,
9001153,1,,,
9001154,6,,,
9001155,2,,,
9001171,1,,,
9001176,1,,,
9001177,1,,,
9001182,2,,28037130.0,Propagation-4
9001183,3,,,
9001186,6,,29017010.0,Propagation-4
9001189,1,,,
9001199,2,,,
9001200,1,,,
9001202,2,,,
9001206,2,,,
9001207,1,,,
9001208,2,,,
9001209,6,,29017010.0,Propagation-3
9001210,2,,,
9001213,1,,,
9001214,3,,,
9001215,1,,,
9001217,1,,,
9001218,1,,,
9001219,3,,28047050.0,Propagation-1
9001222,3,,28047050.0,Propagation-2
9001223,2,,28047010.0,Propagation-4
9001224,1,,,
9001237,1,,,
9001239,1,,,
9001242,6,,29017010.0,Propagation-2
9001243,3,,28047050.0,Propagation-4
9001245,3,,,
9001246,2,,,
9001279,1,,,
9001280,1,28037060.0,28037060.0,spatial
9001281,3,,,
9001285,1,,,
9001286,1,,,
9001287,2,,,
9001290,1,,,
9001331,2,,,
9001332,1,,,
9001333,1,,,
9001336,3,28047050.0,28047050.0,spatial
9001353,6,29017010.0,29017010.0,spatial
9001358,1,,,
9001370,2,,,
9001371,1,,,
9001383,2,,,
9001387,1,,,
9001388,2,,,
9001390,6,,,
9001395,1,,,
9001396,3,,28037060.0,Propagation-2
9001400,1,,,
9001417,1,,,
9001418,6,,29017010.0,Propagation-4
9001419,2,,,
9001423,1,,,
9001424,1,,,
9001432,1,,,
9001433,1,,,
9001434,2,,,
9001456,1,,,
9001457,2,,,
9001458,3,,28047050.0,Propagation-2
9001460,6,,,
9001461,1,,,
9001462,1,,,
9001465,2,,,
9001466,1,,,
9001467,3,,,
9001474,2,,28027050.0,Propagation-2
9001489,2,,,
9001490,3,,28027050.0,Propagation-3
9001494,3,,28047050.0,Propagation-3
9001498,1,,,
9001503,2,,,
9001504,4,,,
9001505,1,,,
9001518,1,,,
9001519,1,,,
9001524,1,,,
9001525,2,,,
9001526,1,,,
9001529,1,,,
9001530,1,,,
9001539,6,,29017010.0,Propagation-1
9001541,1,,,
9001556,2,,28027050.0,Propagation-2
9001557,1,,,
9001569,2,28027050.0,28027050.0,spatial
9001579,1,,,
9001595,1,,,
9001602,2,,,
9001610,2,,,
9001618,3,,28047050.0,Propagation-4
9001619,2,,,
9001627,1,,,
9001631,1,,,
9001632,2,,,
9001643,3,,,
9001653,1,,,
9001662,1,,,
9001663,1,,,
9001672,1,,,
9001681,1,,,
9001694,2,,,
9001696,3,,,
9001697,4,,,
9001706,2,,,
9001729,2,,,
9001731,1,,,
9001737,1,,,
9001738,2,,,
9001741,2,,,
9001742,4,,,
9001748,2,,,
9001754,2,,,
9001755,2,,,
9001765,1,,,
9001766,2,,,
9001769,1,,,
9001771,1,,,
9001774,1,,,
9001784,2,,,
9001787,1,,,
9001789,2,,,
9001791,4,,,
9001804,2,,,
9001805,1,,,
9001811,1,,,
9001826,1,,,
9001829,1,,,
9001831,4,,,
9001835,1,,,
9001837,1,,,
9001850,6,,25027680.0,Propagation-3
9001858,1,,,
9001859,1,,,
9001877,6,,25027680.0,Propagation-2
9001890,4,,,
9001893,4,,,
9001902,4,,,
9001903,1,,,
9001905,1,,,
9001915,3,,,
9001924,3,,,
9001926,4,,,
9001928,1,,,
9001936,1,,,
9001937,2,,,
9001941,3,,,
9001942,2,,,
9001947,1,,,
9001948,3,,,
9001957,1,,,
9001958,2,,,
9001959,4,,,
9001960,2,,,
9001961,2,,,
9001962,1,,,
9001967,3,,,
9001970,1,,,
9001997,4,,,
9001998,2,,,
9002013,1,,,
9002022,1,,,
9002033,1,,,
9002049,1,,,
9002054,1,,,
9002055,2,,,
9002056,1,,,
9002110,2,,,
9002113,4,,,
9002114,1,,,
9002119,4,,,
9002126,1,,,
9002131,2,,,
9002136,1,,,
9002137,2,,,
9002152,4,,,
9002156,1,,,
9002157,1,,,
9002167,3,,,
9002175,1,,,
9002176,1,,,
9002182,2,,,
9002184,1,,,
9002185,6,25027680.0,25027680.0,spatial
9002186,1,,,
9002187,4,,,
9002198,2,,,
9002203,2,,,
9002205,1,,,
9002206,3,,,
9002207,2,,,
9002220,2,,,
9002222,1,,,
9002230,1,,,
9002231,1,,,
9002233,1,,,
9002234,1,,,
9002238,6,,,
9002244,2,,,
9002250,1,25027690.0,25027690.0,spatial
9002255,2,,,
9002256,1,,,
9002268,1,,,
9002284,1,,,
9002285,4,,,
9002292,2,,,
9002293,1,,,
9002296,1,,,
9002301,1,,,
9002304,2,,,
9002305,2,,,
9002307,1,,,
9002321,6,,25027930.0,Propagation-4
9002322,2,,25027690.0,Propagation-2
9002323,1,,,
9002324,2,,,
9002358,1,,,
9002359,4,,,
9002362,1,,,
9002363,2,,,
9002367,1,,,
9002368,1,,,
9002375,4,,,
9002376,2,,,
9002378,2,,,
9002399,1,,,
9002405,4,,,
9002407,6,,25027680.0,Propagation-1
9002415,6,,25027930.0,Propagation-2
9002416,1,,,
9002424,1,,,
9002437,1,,,
9002440,2,,,
9002444,2,,,
9002459,1,,,
9002460,1,,,
9002476,1,,,
9002477,2,,,
9002484,1,,,
9002495,2,,,
9002496,4,,,
9002504,1,,,
9002516,1,,,
9002518,4,,,
9002521,4,,,
9002527,2,,,
9002528,1,,,
9002529,1,,,
9002565,5,25027020.0,25027020.0,spatial
9002567,2,,,
9002573,1,,,
9002574,2,,,
9002597,1,,,
9002605,6,25027930.0,25027930.0,spatial
9002605,6,25027530.0,25027530.0,spatial
9002606,1,,,
9002607,5,25027490.0,25027490.0,spatial
9002614,1,,,
9002617,2,,,
9002618,1,,,
9002623,4,,,
9002630,1,,,
9002631,2,,,
9002636,2,,,
9002637,4,,,
9002639,1,,,
9002650,1,,,
9002654,6,,25027930.0,Propagation-2
9002660,1,,,
9002663,5,,25027360.0,Propagation-3
9002664,5,,25027360.0,Propagation-2
9002666,1,,,
9002669,5,25027360.0,25027360.0,spatial
9002670,2,,,
9002677,1,,,
9002684,5,,,
9002685,1,,,
9002686,2,,,
9002690,1,,,
9002704,4,,,
9002709,4,,,
9002715,2,,,
9002717,1,,,
9002718,2,,,
9002720,5,,25027490.0,Propagation-2
9002745,1,,,
9002748,1,,,
9002753,2,,,
9002764,5,,25027490.0,Propagation-4
9002765,1,,,
9002766,5,25027330.0,25027330.0,spatial
9002767,1,,,
9002771,1,,,
9002776,2,,,
9002779,5,,,
9002785,1,,,
9002794,5,,25027490.0,Propagation-3
9002807,1,,,
9002808,2,,,
9002810,1,,,
9002814,4,,,
9002816,2,,,
9002817,2,,,
9002832,1,,,
9002834,1,,,
9002847,2,,,
9002854,5,,25027410.0,Propagation-4
9002858,1,,,
9002863,1,,,
9002868,1,,,
9002869,1,,,
9002870,1,,,
9002871,5,,25027410.0,Propagation-3
9002872,2,,,
9002874,1,,,
9002882,4,,,
9002886,1,,,
9002894,2,,,
9002895,1,,,
9002913,1,,,
9002926,2,,,
9002932,1,,,
9002933,5,,25027410.0,Propagation-2
9002939,2,,,
9002948,2,,,
9002950,1,,,
9002953,5,25027410.0,25027410.0,spatial
9002962,1,,,
9002965,2,,,
9002981,1,,,
9002982,1,,,
9002985,1,,,
9002987,1,,,
9002988,5,25027640.0,25027640.0,spatial
9002993,4,,,
9002995,2,,,
9002997,1,,,
9003002,4,,,
9003007,3,,,
9003011,2,,,
9003012,3,,,
9003015,2,,,
9003016,1,,,
9003019,1,,,
9003020,1,,,
9003024,1,,,
9003058,2,,,
9003068,2,,,
9003083,2,,,
9003091,5,,25027200.0,Propagation-3
9003094,2,,,
9003095,3,,,
9003102,1,,,
9003111,3,,,
9003114,2,,,
9003126,1,,,
9003127,2,,,
9003137,2,,,
9003139,1,,,
9003151,2,,,
9003152,3,,,
9003156,2,,,
9003157,1,,,
9003161,4,,,
9003171,1,,,
9003176,1,,,
9003185,1,,,
9003186,1,,,
9003189,1,,,
9003204,1,,,
9003209,5,,,
9003215,1,,,
9003237,1,,,
9003238,3,,,
9003245,5,,,
9003246,1,,,
9003247,3,,,
9003248,2,,,
9003253,1,,,
9003256,1,,,
9003269,2,,,
9003270,1,,,
9003284,1,,,
9003300,5,,25027640.0,Propagation-1
9003315,1,,,
9003316,5,,,
9003331,3,,,
9003332,3,,,
9003339,1,,,
9003340,3,,,
9003342,4,,25027120.0,Propagation-2
9003344,1,,,
9003368,1,,,
9003374,1,,,
9003375,1,,,
9003378,5,,,
9003386,1,,,
9003393,1,,,
9003396,3,,,
9003397,5,25027200.0,25027200.0,spatial
9003408,1,,,
9003409,3,,,
9003442,1,,,
9003448,2,,,
9003458,2,,,
9003459,2,,,
9003460,1,,,
9003476,3,,,
9003477,2,,,
9003495,5,,25027200.0,Propagation-2
9003496,1,,,
9003498,1,,,
9003499,1,,,
9003508,2,25027910.0,25027910.0,spatial
9003512,2,,,
9003514,1,,,
9003526,1,,,
9003528,1,,,
9003532,2,,,
9003537,5,,25027020.0,Propagation-3
9003540,1,,,
9003541,5,,23217030.0,Propagation-3
9003548,3,,,
9003551,1,,,
9003559,1,,,
9003562,1,,,
9003563,1,,,
9003571,5,,25027270.0,Propagation-3
9003581,5,,23217030.0,Propagation-2
9003615,1,,,
9003620,1,,,
9003630,2,,,
9003631,3,25027120.0,25027120.0,spatial
9003649,1,,,
9003677,5,,25027270.0,Propagation-2
9003684,1,,,
9003690,1,,,
9003691,1,,,
9003692,5,23217030.0,23217030.0,spatial
9003705,1,,,
9003713,1,,,
9003714,1,,,
9003715,2,,,
9003724,1,,,
9003732,1,,,
9003739,2,,,
9003740,3,,,
9003743,1,,,
9003753,2,,,
9003754,3,,,
9003762,5,,23187280.0,Propagation-4
9003763,1,,,
9003766,1,,,
9003780,1,,,
9003786,5,25027270.0,25027270.0,spatial
9003800,3,,25017010.0,Propagation-4
9003802,1,,,
9003811,1,,,
9003823,1,,,
9003825,4,,27037010.0,Propagation-2
9003829,1,,,
9003831,3,,,
9003856,3,,,
9003866,2,,,
9003867,2,,,
9003876,3,,25027120.0,Propagation-1
9003881,1,,,
9003882,1,,,
9003891,1,,,
9003903,2,,,
9003910,1,,,
9003919,1,,,
9003920,4,,,
9003926,1,,,
9003930,1,,,
9003934,1,,,
9003935,4,,26247020.0,Propagation-2
9003936,4,25027050.0,25027050.0,spatial
9003940,2,,,
9003945,2,,,
9003948,3,,25027120.0,Propagation-2
9003949,1,,,
9003986,2,,,
9003990,4,,,
9003991,1,,,
9003994,1,,,
9003997,1,,,
9003998,3,25017010.0,25017010.0,spatial
9003999,2,,,
9004014,4,27037010.0,27037010.0,spatial
9004015,2,,,
9004016,4,,,
9004017,2,,,
9004026,4,26247020.0,26247020.0,spatial
9004028,3,,25017010.0,Propagation-2
9004029,1,,,
9004033,1,,,
9004053,3,,25017010.0,Propagation-3
9004056,3,,25017010.0,Propagation-1
9004062,1,,,
9004063,2,,26247010.0,Propagation-2
9004066,5,,23187280.0,Propagation-3
9004070,4,,27037010.0,Propagation-1
9004071,1,,,
9004073,1,,,
9004089,4,,,
9004092,2,,,
9004093,1,,,
9004096,2,,,
9004098,1,,,
9004103,2,,,
9004107,2,,,
9004119,1,,,
9004125,1,,,
9004160,1,,,
9004167,2,,,
9004173,1,,,
9004182,4,,23197370.0,Propagation-4
9004197,2,,,
9004211,5,,23187280.0,Propagation-2
9004216,1,,,
9004225,2,,,
9004233,1,,,
9004239,1,,,
9004245,1,,,
9004256,1,,,
9004257,1,,,
9004275,1,,,
9004281,3,,,
9004282,1,,,
9004284,1,,,
9004286,4,,23197370.0,Propagation-3
9004300,3,,,
9004302,1,,,
9004303,3,,,
9004309,3,,,
9004310,1,,,
9004311,1,,,
9004317,1,,,
9004318,3,,,
9004322,2,25017020.0,25017020.0,spatial
9004326,2,,,
9004328,1,,,
9004355,5,23187280.0,23187280.0,spatial
9004378,1,,,
9004382,1,,,
9004400,4,,,
9004401,1,,,
9004411,1,,,
9004412,1,,,
9004417,2,26247010.0,26247010.0,spatial
9004418,1,,,
9004429,1,,,
9004437,2,,,
9004439,1,,,
9004443,4,,,
9004444,1,,,
9004448,2,,,
9004449,2,,,
9004452,2,,,
9004455,2,,,
9004456,4,,27037010.0,Propagation-3
9004463,2,,,
9004464,2,,,
9004469,2,,,
9004473,2,,,
9004493,4,,,
9004496,1,,,
9004497,2,,,
9004506,1,,,
9004509,1,,,
9004515,1,,,
9004521,1,,,
9004522,1,,,
9004528,1,,,
9004533,1,,,
9004534,1,,,
9004553,4,,23197370.0,Propagation-2
9004561,1,,,
9004562,1,,,
9004571,1,,,
9004572,2,,,
9004578,1,,,
9004580,2,,,
9004587,1,,,
9004596,2,,,
9004600,2,,,
9004601,3,,,
9004607,1,,,
9004614,4,,,
9004623,4,,,
9004641,1,,,
9004648,2,,,
9004651,2,,,
9004662,1,,,
9004670,2,,,
9004674,1,,,
9004680,1,,,
9004688,4,,27037020.0,Propagation-2
9004698,1,,,
9004699,4,,26247030.0,Propagation-4
9004703,1,,,
9004708,1,,,
9004713,2,,,
9004715,4,,26247050.0,Propagation-2
9004731,1,,,
9004739,4,,26247030.0,Propagation-2
9004767,1,,,
9004778,1,,,
9004779,1,,,
9004806,1,,,
9004826,5,,23207040.0,Propagation-2
9004832,1,,,
9004838,1,,,
9004839,4,23197370.0,23197370.0,spatial
9004840,3,,,
9004845,3,,,
9004846,2,,,
9004854,1,,,
9004879,2,26247050.0,26247050.0,spatial
9004882,4,,27037030.0,Propagation-3
9004883,1,,,
9004884,1,,,
9004890,2,,26247050.0,Propagation-2
9004893,1,,,
9004894,1,,,
9004895,1,,,
9004902,4,,27037010.0,Propagation-2
9004903,1,,,
9004908,1,,,
9004914,1,,,
9004915,1,,,
9004916,1,,,
9004917,5,23207040.0,23207040.0,spatial
9004919,2,,,
9004923,2,,26247050.0,Propagation-3
9004929,1,,,
9004931,1,,,
9004934,3,27037020.0,27037020.0,spatial
9004941,4,,23197370.0,Propagation-3
9004942,1,,,
9004958,1,,,
9004963,4,26247030.0,26247030.0,spatial
9004964,3,,27037020.0,Propagation-2
9004965,1,,,
9004968,4,27037030.0,27037030.0,spatial
9004976,1,,,
9004977,2,,,
9004982,3,,27037020.0,Propagation-1
9004992,1,,,
9004995,4,,23197370.0,Propagation-1
9004998,2,,,
9005006,2,,,
9005012,1,,,
9005018,2,,,
9005022,4,,26237040.0,Propagation-4
9005025,2,,26247050.0,Propagation-1
9005026,1,,,
9005035,1,,,
9005037,1,,,
9005041,1,,,
9005044,5,,,
9005045,1,,,
9005047,2,,,
9005065,1,,,
9005069,1,,,
9005076,1,,,
9005077,4,,23197370.0,Propagation-4
9005080,1,,,
9005083,1,,,
9005086,3,,,
9005089,3,,,
9005090,2,,,
9005094,2,,,
9005096,3,,,
9005097,2,,,
9005099,3,,,
9005103,3,,,
9005109,1,,,
9005114,1,,,
9005115,1,,,
9005116,3,,,
9005121,1,,,
9005123,2,,,
9005125,1,,,
9005129,1,,,
9005140,1,,,
9005145,3,,,
9005147,1,,,
9005148,1,,,
9005149,3,,,
9005153,4,,26237040.0,Propagation-3
9005154,1,,,
9005155,1,,,
9005160,1,,,
9005167,5,,,
9005169,2,,,
9005174,1,,,
9005176,4,,,
9005194,1,,,
9005203,3,,23197290.0,Propagation-4
9005207,1,,,
9005212,2,,,
9005213,1,,,
9005218,1,,,
9005235,2,,,
9005253,2,,,
9005258,4,,26237040.0,Propagation-2
9005262,3,,,
9005269,3,,,
9005274,2,,23197700.0,Propagation-2
9005276,1,,,
9005281,1,,,
9005282,1,,,
9005283,1,,,
9005309,1,,,
9005322,4,26237040.0,26237040.0,spatial
9005323,3,,,
9005332,2,,,
9005356,2,,,
9005360,1,,,
9005366,1,,,
9005378,3,,23197290.0,Propagation-3
9005383,1,,,
9005397,1,23197130.0,23197130.0,spatial
9005418,5,,24067020.0,Propagation-3
9005419,3,,23197130.0,Propagation-2
9005421,1,,,
9005424,3,,,
9005427,1,,,
9005429,2,,,
9005432,1,,,
9005433,4,,26237050.0,Propagation-4
9005439,4,24067020.0,24067020.0,spatial
9005446,1,,,
9005447,4,,24067020.0,Propagation-2
9005459,1,,,
9005463,4,,,
9005466,2,,,
9005473,1,,,
9005476,3,23197290.0,23197290.0,spatial
9005481,2,,,
9005482,2,,,
9005494,4,,,
9005495,1,,,
9005496,2,23197700.0,23197700.0,spatial
9005502,1,,,
9005503,1,,,
9005513,2,,23197700.0,Propagation-2
9005520,1,,,
9005523,4,,,
9005538,2,,,
9005539,4,,26237050.0,Propagation-3
9005541,1,,,
9005552,1,,,
9005553,1,,,
9005556,1,,,
9005557,1,,,
9005574,1,,,
9005578,3,,,
9005586,2,,,
9005587,1,,,
9005602,3,,,
9005617,1,,,
9005618,3,,,
9005619,1,,,
9005631,3,,,
9005635,5,,,
9005640,1,,,
9005641,4,,26237050.0,Propagation-2
9005652,1,,,
9005656,1,,,
9005664,4,,24067020.0,Propagation-1
9005665,2,,23197690.0,Propagation-2
9005669,1,,,
9005670,3,,,
9005677,4,26237050.0,26237050.0,spatial
9005679,4,,,
9005680,1,,,
9005681,1,,,
9005683,1,,,
9005687,2,,,
9005688,1,,,
9005693,2,,,
9005699,4,,25027050.0,Propagation-2
9005700,1,,,
9005704,1,,,
9005705,5,,23167010.0,Propagation-4
9005716,1,,,
9005724,3,,,
9005726,2,,,
9005729,1,,,
9005730,1,,,
9005732,1,,,
9005734,2,,,
9005739,1,,,
9005765,4,,,
9005777,3,,,
9005783,2,,26237110.0,Propagation-2
9005784,1,,,
9005788,3,,,
9005789,3,,,
9005794,1,,,
9005795,2,,,
9005797,2,,,
9005798,5,,23167010.0,Propagation-3
9005802,2,,,
9005803,1,,,
9005810,3,,,
9005817,1,,,
9005820,1,,,
9005828,1,,,
9005835,1,,,
9005836,5,,23167010.0,Propagation-2
9005849,3,,,
9005858,1,,,
9005867,1,23197690.0,23197690.0,spatial
9005875,2,,27027060.0,Propagation-2
9005876,1,,,
9005895,5,23167010.0,23167010.0,spatial
9005912,1,,,
9005920,1,,,
9005923,5,,23147020.0,Propagation-3
9005928,1,,,
9005943,4,,,
9005950,2,,,
9005951,1,,,
9005974,1,,,
9005978,2,,,
9005998,1,,,
9006005,1,,,
9006009,1,,,
9006016,1,,,
9006017,4,,24067020.0,Propagation-2
9006018,1,,,
9006033,1,27027060.0,27027060.0,spatial
9006034,1,,,
9006035,5,,,
9006041,1,,,
9006058,4,,26237100.0,Propagation-4
9006068,1,,,
9006069,2,,,
9006076,3,23147040.0,23147040.0,spatial
9006077,1,,,
9006089,1,26237110.0,26237110.0,spatial
9006095,5,,25027020.0,Propagation-2
9006098,3,,,
9006101,3,,23147040.0,Propagation-2
9006110,1,,,
9006123,1,,,
9006127,2,,,
9006131,1,,,
9006143,2,,,
9006144,1,,,
9006153,2,,,
9006154,1,,,
9006193,1,,,
9006204,5,,23127050.0,Propagation-2
9006223,4,,26237100.0,Propagation-3
9006237,2,,,
9006238,1,,,
9006242,1,,,
9006249,1,,,
9006262,1,,,
9006265,3,,23147020.0,Propagation-2
9006268,4,,24037360.0,Propagation-3
9006272,1,,,
9006273,1,,,
9006274,2,,,
9006276,2,23107040.0,23107040.0,spatial
9006287,2,,,
9006295,3,,,
9006298,1,,,
9006303,1,,,
9006306,5,,,
9006307,1,,,
9006334,1,,,
9006340,3,,24037360.0,Propagation-2
9006343,1,,,
9006345,1,,,
9006346,3,24037360.0,24037360.0,spatial
9006357,3,23147020.0,23147020.0,spatial
9006369,2,,,
9006372,3,,23107040.0,Propagation-2
9006373,5,,,
9006380,1,,,
9006394,3,,23107020.0,Propagation-1
9006402,2,,,
9006411,1,,,
9006412,2,,23107030.0,Propagation-3
9006413,1,,,
9006414,4,,,
9006421,1,,,
9006422,2,,,
9006425,1,,,
9006429,1,,,
9006432,4,,24067020.0,Propagation-3
9006440,3,,,
9006441,1,,,
9006446,1,,,
9006447,1,,,
9006455,1,,,
9006461,1,,,
9006464,1,,,
9006466,1,,,
9006468,5,,25027410.0,Propagation-4
9006474,1,,,
9006475,3,23107020.0,23107020.0,spatial
9006485,4,,26237100.0,Propagation-2
9006486,1,,,
9006500,2,,23107030.0,Propagation-2
9006506,2,,23107030.0,Propagation-1
9006507,2,23107030.0,23107030.0,spatial
9006510,2,,,
9006529,4,,24067020.0,Propagation-4
9006530,1,,,
9006532,1,,,
9006536,1,,,
9006542,1,,,
9006543,1,,,
9006544,1,,,
9006545,1,,,
9006546,2,,,
9006548,1,,,
9006558,5,,23097030.0,Propagation-3
9006561,1,,,
9006568,3,,,
9006569,1,,,
9006570,3,,23107020.0,Propagation-2
9006571,3,,23107020.0,Propagation-3
9006584,1,,,
9006586,3,23127050.0,23127050.0,spatial
9006588,1,,,
9006595,2,,,
9006604,1,,,
9006606,1,,,
9006610,1,,,
9006611,2,,,
9006619,3,,24037360.0,Propagation-3
9006628,1,,,
9006629,1,,,
9006630,2,,,
9006635,1,,,
9006636,1,,,
9006640,2,,,
9006644,3,,,
9006654,1,,,
9006660,3,,24037370.0,Propagation-2
9006665,3,,24037390.0,Propagation-3
9006666,3,,24037390.0,Propagation-2
9006669,3,,23127020.0,Propagation-2
9006670,1,,,
9006672,5,,23097030.0,Propagation-2
9006694,3,,23147020.0,Propagation-3
9006698,4,26237100.0,26237100.0,spatial
9006702,1,,,
9006704,1,,,
9006709,1,,,
9006710,1,,,
9006713,4,,26237020.0,Propagation-2
9006716,1,,,
9006721,2,26217010.0,26217010.0,spatial
9006723,4,,26237100.0,Propagation-2
9006724,4,,24027010.0,Propagation-3
9006727,2,,,
9006730,3,,24027010.0,Propagation-2
9006740,2,,,
9006742,1,,,
9006750,1,,,
9006754,1,,,
9006759,1,,,
9006761,1,,,
9006769,2,,,
9006770,3,,24017640.0,Propagation-2
9006771,3,24027010.0,24027010.0,spatial
9006777,1,,,
9006778,2,,,
9006779,2,24027040.0,24027040.0,spatial
9006782,4,,26217050.0,Propagation-2
9006783,1,,,
9006784,2,,24027040.0,Propagation-2
9006785,3,,23147020.0,Propagation-1
9006786,3,,23147020.0,Propagation-2
9006790,5,23097030.0,23097030.0,spatial
9006799,3,,23147020.0,Propagation-4
9006814,1,,,
9006819,2,,24037380.0,Propagation-2
9006823,2,,,
9006824,1,,,
9006825,2,,24037490.0,Propagation-2
9006831,1,26237020.0,26237020.0,spatial
9006835,3,24037390.0,24037390.0,spatial
9006837,1,,,
9006838,1,24037380.0,24037380.0,spatial
9006838,1,24037040.0,24037040.0,spatial
9006842,1,,,
9006848,2,24037490.0,24037490.0,spatial
9006851,3,24017640.0,24017640.0,spatial
9006853,1,,,
9006858,1,24027060.0,24027060.0,spatial
9006861,2,,,
9006871,1,,,
9006882,1,,,
9006888,2,,,
9006893,3,23127020.0,23127020.0,spatial
9006894,1,,,
9006899,2,,,
9006906,2,,,
9006911,1,,,
9006924,1,,,
9006926,4,26217050.0,26217050.0,spatial
9006931,1,23087160.0,23087160.0,spatial
9006932,1,,,
9006933,5,,,
9006940,1,,,
9006943,2,,23087160.0,Propagation-2
9006945,1,,,
9006959,1,,,
9006960,3,,,
9006967,3,,23127060.0,Propagation-2
9006968,1,,,
9006988,1,23087180.0,23087180.0,spatial
9007003,1,,,
9007004,1,,,
9007010,1,,,
9007019,1,,,
9007025,2,24037370.0,24037370.0,spatial
9007048,1,,,
9007049,2,,,
9007051,1,,,
9007052,1,,,
9007066,5,,23097040.0,Propagation-4
9007072,3,,24037390.0,Propagation-1
9007079,1,,,
9007081,1,,,
9007087,1,,,
9007092,2,,,
9007093,3,,24017570.0,Propagation-3
9007096,3,,24017580.0,Propagation-4
9007105,1,,,
9007113,1,,,
9007116,5,,25027020.0,Propagation-1
9007125,1,,,
9007126,2,,,
9007134,3,24027070.0,24027070.0,spatial
9007140,1,,,
9007141,1,,,
9007145,2,,24027050.0,Propagation-2
9007146,3,,,
9007150,4,,,
9007151,1,,,
9007164,1,,,
9007172,1,,,
9007173,2,,24017580.0,Propagation-3
9007176,1,,,
9007180,1,,,
9007182,2,24027050.0,24027050.0,spatial
9007183,2,,24027050.0,Propagation-2
9007191,1,,,
9007198,5,,23097040.0,Propagation-2
9007203,1,,,
9007218,2,,24017580.0,Propagation-2
9007220,1,,,
9007222,2,,,
9007225,4,,,
9007226,1,,,
9007233,2,,23087260.0,Propagation-4
9007238,3,23127060.0,23127060.0,spatial
9007239,2,,23087180.0,Propagation-2
9007255,3,23087210.0,23087210.0,spatial
9007256,2,,,
9007262,1,,,
9007272,4,,,
9007273,1,,,
9007292,5,23097040.0,23097040.0,spatial
9007297,1,,,
9007305,3,,23087210.0,Propagation-2
9007306,3,,,
9007307,1,,,
9007313,2,,,
9007317,1,,,
9007331,2,,23087660.0,Propagation-2
9007334,2,,,
9007335,3,,23087210.0,Propagation-4
9007336,1,,,
9007337,3,,,
9007342,2,,,
9007343,1,,,
9007348,1,,,
9007352,5,,,
9007356,1,23087670.0,23087670.0,spatial
9007357,2,,23087670.0,Propagation-2
9007365,2,,,
9007370,1,,,
9007371,1,,,
9007382,1,23087660.0,23087660.0,spatial
9007383,1,,,
9007386,3,,24017570.0,Propagation-2
9007387,1,,,
9007398,3,,23127050.0,Propagation-4
9007407,1,,,
9007415,2,23087260.0,23087260.0,spatial
9007419,1,,,
9007420,1,,,
9007425,5,,,
9007432,2,24017580.0,24017580.0,spatial
9007440,1,,,
9007442,2,24027030.0,24027030.0,spatial
9007453,1,,,
9007454,2,,,
9007457,3,,23127020.0,Propagation-2
9007459,1,,,
9007464,2,,24027030.0,Propagation-1
9007466,3,,,
9007469,1,,,
9007475,3,24017570.0,24017570.0,spatial
9007479,2,,,
9007480,1,,,
9007481,1,,,
9007484,1,,,
9007485,2,,,
9007490,4,,25027050.0,Propagation-1
9007491,1,,,
9007492,1,,,
9007494,3,,23087210.0,Propagation-3
9007502,4,,26207080.0,Propagation-3
9007503,2,,,
9007512,1,,,
9007515,1,,,
9007516,1,,,
9007519,2,,23087260.0,Propagation-1
9007548,1,,,
9007555,5,,,
9007565,2,,,
9007568,2,,,
9007571,1,,,
9007577,3,,24037510.0,Propagation-4
9007592,1,,,
9007599,5,,23077020.0,Propagation-2
9007604,1,,,
9007612,1,,,
9007615,1,,,
9007616,3,,23087210.0,Propagation-1
9007623,1,,,
9007635,1,,,
9007636,2,,,
9007655,1,,,
9007656,1,,,
9007657,1,,,
9007661,1,,,
9007666,2,,,
9007669,1,,,
9007676,1,,,
9007677,1,,,
9007682,4,,26207080.0,Propagation-2
9007699,1,,,
9007703,3,,24037510.0,Propagation-3
9007706,1,,,
9007708,2,,,
9007721,2,23077020.0,23077020.0,spatial
9007727,2,,23077020.0,Propagation-2
9007728,2,,24037410.0,Propagation-2
9007729,3,,24037510.0,Propagation-2
9007737,1,,,
9007740,1,,,
9007749,1,,,
9007763,1,,,
9007769,1,,,
9007770,1,24037410.0,24037410.0,spatial
9007774,3,,24017590.0,Propagation-4
9007779,4,26207080.0,26207080.0,spatial
9007780,1,,,
9007781,5,,,
9007812,4,,26197030.0,Propagation-3
9007813,1,,,
9007821,2,,,
9007822,1,,,
9007823,3,23087190.0,23087190.0,spatial
9007825,1,23087200.0,23087200.0,spatial
9007826,1,,,
9007827,2,,,
9007832,3,24037510.0,24037510.0,spatial
9007834,1,,,
9007835,2,,,
9007836,3,,24017600.0,Propagation-2
9007838,3,,,
9007851,1,,,
9007853,4,,26207030.0,Propagation-3
9007854,1,,,
9007856,1,,,
9007858,1,,,
9007859,5,,,
9007866,3,,23087190.0,Propagation-1
9007867,2,,,
9007871,1,,,
9007877,3,,23087210.0,Propagation-2
9007878,2,,23087200.0,Propagation-2
9007879,3,,23127050.0,Propagation-2
9007903,1,,,
9007904,2,,26197030.0,Propagation-2
9007905,1,,,
9007906,1,,,
9007912,5,,,
9007918,1,,,
9007919,1,,,
9007932,1,,,
9007933,2,,,
9007939,1,,,
9007940,3,,24017570.0,Propagation-1
9007944,3,,,
9007946,3,,,
9007950,1,,,
9007952,1,,,
9007954,2,,,
9007966,5,,,
9007967,1,,,
9007980,1,,,
9007981,2,,,
9007985,2,,,
9007996,1,,,
9007997,2,,,
9007998,3,24017590.0,24017590.0,spatial
9008017,2,26197030.0,26197030.0,spatial
9008018,1,,,
9008021,1,,,
9008026,1,,,
9008029,1,,,
9008041,2,,,
9008044,1,,,
9008050,4,,26207030.0,Propagation-2
9008051,1,,,
9008053,3,,,
9008056,1,,,
9008060,1,,,
9008067,2,,,
9008068,3,,24037510.0,Propagation-1
9008075,1,,,
9008085,1,,,
9008087,3,,,
9008091,1,,,
9008114,1,,,
9008120,1,,,
9008136,3,,24037360.0,Propagation-1
9008138,1,,,
9008141,1,,,
9008153,5,,23057140.0,Propagation-2
9008164,1,,,
9008165,3,,24037510.0,Propagation-2
9008172,1,,,
9008173,1,,,
9008174,1,,,
9008177,2,,24037130.0,Propagation-3
9008180,4,26207030.0,26207030.0,spatial
9008185,2,,26197010.0,Propagation-3
9008186,2,,24037130.0,Propagation-2
9008188,1,,,
9008193,3,,23127020.0,Propagation-3
9008199,2,,,
9008203,1,,,
9008205,1,,,
9008216,1,,,
9008218,4,,26187110.0,Propagation-3
9008221,4,,23067020.0,Propagation-3
9008223,3,24037290.0,24037290.0,spatial
9008225,1,,,
9008233,1,,,
9008234,2,24037190.0,24037190.0,spatial
9008237,1,,,
9008238,2,24037130.0,24037130.0,spatial
9008240,4,,26187110.0,Propagation-2
9008242,1,,,
9008257,1,,,
9008261,1,,,
9008280,2,,,
9008286,3,,26187040.0,Propagation-2
9008289,5,,23067040.0,Propagation-2
9008290,4,23067040.0,23067040.0,spatial
9008292,2,,,
9008293,1,,,
9008298,3,,23127010.0,Propagation-4
9008299,2,,,
9008308,2,,26197010.0,Propagation-2
9008309,5,,,
9008322,2,,24037190.0,Propagation-1
9008331,3,23057140.0,23057140.0,spatial
9008333,1,,,
9008334,3,,23127010.0,Propagation-3
9008340,2,,,
9008341,5,,23037010.0,Propagation-4
9008343,1,,,
9008345,1,,,
9008357,1,,,
9008364,1,,,
9008365,2,24017600.0,24017600.0,spatial
9008381,1,,,
9008390,2,,26187040.0,Propagation-2
9008391,1,,,
9008394,1,,,
9008396,1,24017740.0,24017740.0,spatial
9008406,3,,,
9008407,3,,23057140.0,Propagation-3
9008411,1,,,
9008412,1,,,
9008413,2,26187040.0,26187040.0,spatial
9008416,1,,,
9008417,2,,,
9008418,1,,,
9008419,2,,24017600.0,Propagation-1
9008424,3,,23057140.0,Propagation-1
9008425,2,,,
9008426,3,,23127010.0,Propagation-2
9008447,2,,24037120.0,Propagation-2
9008465,1,,,
9008468,1,,,
9008487,3,,24017590.0,Propagation-2
9008503,2,24037030.0,24037030.0,spatial
9008509,2,26197010.0,26197010.0,spatial
9008519,1,,,
9008522,1,,,
9008530,1,,,
9008531,1,,,
9008544,2,,26197030.0,Propagation-1
9008546,3,23127010.0,23127010.0,spatial
9008562,1,,,
9008568,1,,,
9008573,1,,,
9008576,3,,23127020.0,Propagation-1
9008596,2,24017830.0,24017830.0,spatial
9008608,1,,,
9008619,2,,,
9008620,2,,,
9008624,1,,,
9008638,2,,,
9008645,4,,23067020.0,Propagation-2
9008658,1,,,
9008665,1,24037090.0,24037090.0,spatial
9008667,1,24017620.0,24017620.0,spatial
9008680,4,26187110.0,26187110.0,spatial
9008681,1,,,
9008682,2,,,
9008684,1,,,
9008694,1,24037120.0,24037120.0,spatial
9008711,1,,,
9008715,1,24037080.0,24037080.0,spatial
9008732,1,,,
9008733,2,,,
9008750,5,,23037010.0,Propagation-3
9008775,1,,,
9008784,5,,23037010.0,Propagation-2
9008805,1,,,
9008806,1,,,
9008811,2,,,
9008812,1,,,
9008819,3,,,
9008842,3,,24017590.0,Propagation-4
9008849,1,,,
9008859,1,,,
9008869,3,,24017590.0,Propagation-1
9008874,2,,,
9008875,1,,,
9008884,1,,,
9008885,2,,,
9008894,1,,,
9008907,4,,26207080.0,Propagation-2
9008908,1,,,
9008927,1,,,
9008932,1,,,
9008935,2,,26167090.0,Propagation-2
9008936,1,,,
9008951,1,,,
9008960,4,23067020.0,23067020.0,spatial
9008990,1,,,
9008997,1,,,
9009027,5,23037010.0,23037010.0,spatial
9009036,1,,,
9009042,2,,,
9009063,3,,24017610.0,Propagation-2
9009068,1,,,
9009078,4,,,
9009079,2,,,
9009083,1,26177010.0,26177010.0,spatial
9009084,4,,26177010.0,Propagation-2
9009092,1,,,
9009102,1,,,
9009115,1,,,
9009116,1,,,
9009150,2,,,
9009163,1,,,
9009169,1,26167090.0,26167090.0,spatial
9009180,1,,,
9009184,1,,,
9009186,1,,,
9009198,2,,,
9009213,2,24017610.0,24017610.0,spatial
9009229,2,,24017150.0,Propagation-2
9009238,1,24017150.0,24017150.0,spatial
9009248,1,,,
9009249,4,,26167070.0,Propagation-3
9009262,1,,,
9009269,5,,23027060.0,Propagation-2
9009290,1,,,
9009291,1,,,
9009310,4,,26167070.0,Propagation-2
9009313,2,,26167060.0,Propagation-2
9009338,1,,,
9009341,1,,,
9009342,1,,,
9009362,1,,,
9009363,1,,,
9009364,4,26167070.0,26167070.0,spatial
9009365,2,,,
9009369,1,,,
9009374,1,,,
9009377,1,,,
9009381,1,,,
9009403,1,26147080.0,26147080.0,spatial
9009418,1,,,
9009419,2,23027060.0,23027060.0,spatial
9009420,2,,23017060.0,Propagation-2
9009429,2,26167060.0,26167060.0,spatial
9009435,1,,,
9009442,1,23017060.0,23017060.0,spatial
9009472,5,,23017090.0,Propagation-2
9009479,5,,21237020.0,Propagation-2
9009481,2,23017090.0,23017090.0,spatial
9009482,2,,,
9009495,1,,,
9009497,4,,23067050.0,Propagation-2
9009500,4,,23067050.0,Propagation-3
9009501,1,,,
9009515,4,,,
9009516,4,,23067050.0,Propagation-1
9009521,4,23067050.0,23067050.0,spatial
9009542,1,,,
9009552,1,,,
9009558,2,,,
9009569,2,,23027060.0,Propagation-1
9009580,1,,,
9009585,4,,,
9009592,1,,,
9009603,2,,23027060.0,Propagation-3
9009608,1,,,
9009611,1,,,
9009621,1,,,
9009627,3,23067080.0,23067080.0,spatial
9009650,4,,26157020.0,Propagation-2
9009660,5,21237020.0,21237020.0,spatial
9009661,1,,,
9009680,1,,,
9009688,4,,23067060.0,Propagation-2
9009696,3,23067060.0,23067060.0,spatial
9009728,2,26157020.0,26157020.0,spatial
9009731,1,,,
9009755,1,,,
9009757,1,26157100.0,26157100.0,spatial
9009758,2,23017040.0,23017040.0,spatial
9009785,4,,,
9009802,3,,23067070.0,Propagation-2
9009805,1,,,
9009811,1,,,
9009831,1,,,
9009832,2,,,
9009833,1,,,
9009836,2,,23017040.0,Propagation-1
9009837,1,,,
9009838,1,,,
9009844,5,,21257070.0,Propagation-2
9009861,4,,26167070.0,Propagation-1
9009872,1,,,
9009906,2,,,
9009918,1,,,
9009924,1,,,
9009928,1,,,
9009936,2,21257070.0,21257070.0,spatial
9009945,1,,,
9009950,1,,,
9009986,1,,,
9009993,2,,,
9009999,2,23067070.0,23067070.0,spatial
9010004,1,,,
9010033,2,,26157020.0,Propagation-2
9010036,1,,,
9010052,5,,23097030.0,Propagation-4
9010056,2,,26137230.0,Propagation-2
9010062,3,,,
9010077,2,26147140.0,26147140.0,spatial
9010082,2,26147130.0,26147130.0,spatial
9010090,1,,,
9010091,1,,,
9010110,5,,,
9010120,3,,21207960.0,Propagation-3
9010134,1,,,
9010149,2,,21257120.0,Propagation-2
9010183,4,,26207080.0,Propagation-1
9010186,2,,,
9010195,1,26157200.0,26157200.0,spatial
9010195,1,26157190.0,26157190.0,spatial
9010208,1,21257120.0,21257120.0,spatial
9010213,3,,26147140.0,Propagation-2
9010224,1,,,
9010225,3,,,
9010231,1,,,
9010239,4,26177030.0,26177030.0,spatial
9010251,1,,,
9010262,4,,26177030.0,Propagation-2
9010273,1,,,
9010290,1,,,
9010294,1,,,
9010296,1,,,
9010297,1,26137230.0,26137230.0,spatial
9010306,5,,25027410.0,Propagation-2
9010320,5,,21257090.0,Propagation-2
9010327,1,21257090.0,21257090.0,spatial
9010345,3,,21207960.0,Propagation-4
9010346,1,,,
9010351,1,,,
9010369,1,,,
9010372,2,,21257100.0,Propagation-2
9010379,1,,,
9010388,2,,21257100.0,Propagation-3
9010408,4,,26127040.0,Propagation-2
9010417,1,,,
9010427,3,,26107110.0,Propagation-2
9010476,3,26107110.0,26107110.0,spatial
9010484,1,,,
9010485,3,,,
9010517,4,26127040.0,26127040.0,spatial
9010522,1,,,
9010530,3,,26107070.0,Propagation-4
9010535,1,,,
9010551,1,,,
9010560,2,21257100.0,21257100.0,spatial
9010561,5,,25027410.0,Propagation-1
9010590,5,,21237020.0,Propagation-3
9010594,3,,21207960.0,Propagation-1
9010597,4,,26177030.0,Propagation-1
9010634,1,,,
9010635,1,,,
9010651,1,,,
9010652,1,,,
9010656,1,,,
9010665,1,,,
9010675,1,,,
9010683,1,26137110.0,26137110.0,spatial
9010767,1,,,
9010768,1,,,
9010825,1,21237040.0,21237040.0,spatial
9010826,1,,,
9010827,3,,,
9010831,2,,,
9010836,2,,,
9010837,3,,,
9010855,1,21247050.0,21247050.0,spatial
9010857,3,,21247050.0,Propagation-2
9010859,3,,,
9010872,2,,,
9010873,1,,,
9010882,1,,,
9010884,3,,21207960.0,Propagation-2
9010885,1,,,
9010888,3,,26107070.0,Propagation-3
9010891,5,,21237010.0,Propagation-4
9010898,1,,,
9010899,3,,,
9010901,2,,,
9010911,1,,,
9010916,1,,,
9010962,3,,26107070.0,Propagation-2
9010974,1,,,
9010981,4,,26127040.0,Propagation-1
9011010,2,,21237040.0,Propagation-2
9011013,1,,,
9011017,5,,21227010.0,Propagation-2
9011018,1,,,
9011057,3,,,
9011070,1,,,
9011100,5,,21237010.0,Propagation-2
9011101,2,,,
9011103,1,,,
9011120,1,,,
9011121,1,,,
9011135,2,,,
9011151,1,,,
9011157,3,26107070.0,26107070.0,spatial
9011162,3,,,
9011163,3,,,
9011229,2,21227010.0,21227010.0,spatial
9011238,1,,,
9011249,1,,,
9011256,1,,,
9011268,1,,,
9011270,2,,,
9011276,4,,26127010.0,Propagation-2
9011280,3,21207960.0,21207960.0,spatial
9011282,1,,,
9011293,1,,,
9011303,3,,26107060.0,Propagation-2
9011316,1,,,
9011326,1,,,
9011329,1,,,
9011344,1,,,
9011363,2,,,
9011368,2,,21217270.0,Propagation-2
9011402,4,26127010.0,26127010.0,spatial
9011403,4,,26127010.0,Propagation-2
9011406,1,,,
9011411,1,,,
9011419,3,21217120.0,21217120.0,spatial
9011420,1,,,
9011422,1,,,
9011424,3,26107060.0,26107060.0,spatial
9011430,2,,,
9011431,2,,,
9011432,1,21197110.0,21197110.0,spatial
9011438,4,,26127010.0,Propagation-3
9011455,3,,,
9011472,1,,,
9011476,1,,,
9011539,1,,,
9011551,3,,,
9011562,1,,,
9011589,1,,,
9011607,1,21217270.0,21217270.0,spatial
9011625,1,,,
9011626,1,21217180.0,21217180.0,spatial
9011632,3,,,
9011651,3,,21207960.0,Propagation-2
9011652,1,,,
9011653,3,,,
9011695,3,21217200.0,21217200.0,spatial
9011702,2,,,
9011703,1,,,
9011704,1,,,
9011707,5,21237010.0,21237010.0,spatial
9011708,1,,,
9011709,1,,,
9011716,3,,21207960.0,Propagation-3
9011722,2,,,
9011728,1,,,
9011730,3,21217070.0,21217070.0,spatial
9011741,3,,21217070.0,Propagation-3
9011753,2,,,
9011754,5,,21237010.0,Propagation-1
9011755,1,,,
9011767,5,,21237010.0,Propagation-3
9011779,1,,,
9011782,2,,21197110.0,Propagation-2
9011791,3,,,
9011798,3,,21197150.0,Propagation-2
9011804,2,,,
9011819,1,,,
9011821,3,,21197150.0,Propagation-3
9011822,3,,21197150.0,Propagation-2
9011829,2,,21197030.0,Propagation-2
9011853,1,,,
9011858,1,,,
9011876,2,,,
9011904,3,,21217070.0,Propagation-2
9011907,1,,,
9011913,1,,,
9011922,2,,,
9011931,1,,,
9011932,3,21197150.0,21197150.0,spatial
9011944,1,,,
9011952,3,,26107130.0,Propagation-4
9011992,1,,,
9011998,1,,,
9012004,1,,,
9012008,1,,,
9012015,2,,26107130.0,Propagation-3
9012056,1,,,
9012072,2,,,
9012073,3,,,
9012074,2,22077060.0,22077060.0,spatial
9012077,1,,,
9012098,2,22077050.0,22077050.0,spatial
9012113,1,,,
9012129,1,,,
9012140,1,,,
9012153,3,,22077060.0,Propagation-2
9012155,2,,22077050.0,Propagation-2
9012165,2,21197030.0,21197030.0,spatial
9012173,2,,26107130.0,Propagation-2
9012204,1,,,
9012217,2,,,
9012221,1,,,
9012223,3,,26087050.0,Propagation-4
9012225,1,,,
9012266,1,,,
9012334,3,,26087050.0,Propagation-3
9012368,1,,,
9012374,1,,,
9012377,5,,21237010.0,Propagation-4
9012378,1,21167050.0,21167050.0,spatial
9012384,1,,,
9012385,2,,21187030.0,Propagation-2
9012386,1,,,
9012389,2,,22077030.0,Propagation-2
9012390,1,,,
9012393,1,,,
9012394,2,22077030.0,22077030.0,spatial
9012395,1,,,
9012401,1,21187030.0,21187030.0,spatial
9012411,1,,,
9012428,3,,22077030.0,Propagation-3
9012434,5,,21237010.0,Propagation-2
9012454,1,,,
9012472,2,,21197030.0,Propagation-2
9012473,1,,,
9012486,2,21197010.0,21197010.0,spatial
9012534,2,,21197030.0,Propagation-1
9012562,2,21167090.0,21167090.0,spatial
9012566,3,,,
9012592,1,,,
9012596,4,,22057010.0,Propagation-2
9012611,1,21167060.0,21167060.0,spatial
9012627,3,,26087050.0,Propagation-2
9012628,2,26107130.0,26107130.0,spatial
9012639,1,,,
9012649,1,22067010.0,22067010.0,spatial
9012650,3,22057010.0,22057010.0,spatial
9012653,1,,,
9012656,1,,,
9012659,2,,21167090.0,Propagation-2
9012669,2,,26107130.0,Propagation-3
9012676,2,,26107130.0,Propagation-1
9012693,1,,,
9012700,1,,,
9012721,4,,21137010.0,Propagation-2
9012723,3,26087050.0,26087050.0,spatial
9012730,3,,22057070.0,Propagation-3
9012735,1,,,
9012749,1,,,
9012759,2,,,
9012778,3,,22057070.0,Propagation-2
9012801,2,,22047010.0,Propagation-1
9012833,1,,,
9012843,1,,,
9012847,1,,,
9012866,1,,,
9012876,1,,,
9012877,2,,22067020.0,Propagation-2
9012894,1,,,
9012910,4,21137010.0,21137010.0,spatial
9012915,1,,,
9012980,1,21137020.0,21137020.0,spatial
9012991,2,,21167090.0,Propagation-3
9012999,3,22057070.0,22057070.0,spatial
9013009,3,,,
9013013,1,22067020.0,22067020.0,spatial
9013014,4,,,
9013033,3,,21167080.0,Propagation-3
9013041,2,,21167080.0,Propagation-2
9013051,1,,,
9013089,2,,22047010.0,Propagation-4
9013090,1,,,
9013091,1,,,
9013096,3,,,
9013097,1,,,
9013099,2,,,
9013127,4,,,
9013132,1,,,
9013135,1,,,
9013184,3,,,
9013185,1,,,
9013190,1,,,
9013209,2,,22047010.0,Propagation-2
9013211,4,,,
9013227,1,,,
9013244,1,,,
9013257,2,21167080.0,21167080.0,spatial
9013261,4,,21137050.0,Propagation-4
9013263,1,,,
9013292,3,,22057060.0,Propagation-2
9013318,1,,,
9013322,2,22047010.0,22047010.0,spatial
9013330,3,,,
9013331,2,,22047010.0,Propagation-2
9013366,1,,,
9013373,1,,,
9013379,3,,26107110.0,Propagation-2
9013385,1,,,
9013390,1,,,
9013393,2,,,
9013405,1,,,
9013406,1,,,
9013421,1,,,
9013427,1,,,
9013437,2,,,
9013445,1,,,
9013510,4,,21137040.0,Propagation-2
9013525,3,,,
9013541,1,,,
9013542,1,,,
9013561,2,,,
9013563,1,21137040.0,21137040.0,spatial
9013564,4,,21137050.0,Propagation-2
9013570,1,,,
9013611,3,,,
9013651,1,,,
9013654,1,,,
9013728,3,,26067010.0,Propagation-4
9013754,1,,,
9013756,1,,,
9013762,3,,26107110.0,Propagation-1
9013767,3,22057060.0,22057060.0,spatial
9013769,3,,22057050.0,Propagation-2
9013780,3,,26067010.0,Propagation-2
9013781,2,22017010.0,22017010.0,spatial
9013782,1,,,
9013789,2,,22017010.0,Propagation-2
9013796,1,,,
9013797,1,,,
9013806,3,,22017020.0,Propagation-4
9013818,2,,,
9013820,1,,,
9013823,3,,22017020.0,Propagation-2
9013824,3,,22057010.0,Propagation-1
9013838,1,,,
9013840,1,,,
9013858,2,,,
9013862,1,,,
9013866,2,,21147080.0,Propagation-1
9013878,4,21137050.0,21137050.0,spatial
9013887,2,,,
9013901,3,22017020.0,22017020.0,spatial
9013908,2,,,
9013936,1,,,
9013937,1,,,
9013945,1,,,
9013960,1,,,
9013978,3,26067010.0,26067010.0,spatial
9013995,2,21147080.0,21147080.0,spatial
9014004,2,,,
9014005,1,,,
9014006,1,,,
9014014,1,,,
9014018,2,,,
9014027,4,,,
9014068,2,,,
9014106,3,,26057080.0,Propagation-3
9014121,1,,,
9014124,1,,,
9014125,2,,,
9014126,4,,,
9014127,1,,,
9014132,1,22057050.0,22057050.0,spatial
9014173,2,,,
9014198,3,,26057080.0,Propagation-2
9014217,1,,,
9014220,1,,,
9014225,1,,,
9014230,2,,22027020.0,Propagation-4
9014236,2,,,
9014239,2,,,
9014241,1,,,
9014247,1,,,
9014248,3,21147010.0,21147010.0,spatial
9014252,3,21147030.0,21147030.0,spatial
9014254,1,,,
9014265,2,,,
9014271,1,,,
9014276,4,,21137010.0,Propagation-4
9014278,1,,,
9014279,3,,21147030.0,Propagation-2
9014297,1,,,
9014305,2,,,
9014311,1,,,
9014317,2,,22027020.0,Propagation-3
9014324,2,,26057030.0,Propagation-2
9014339,4,,21137030.0,Propagation-2
9014346,3,26057080.0,26057080.0,spatial
9014347,4,,,
9014356,2,21137030.0,21137030.0,spatial
9014384,2,,,
9014392,1,,,
9014395,1,,,
9014397,1,26057030.0,26057030.0,spatial
9014398,2,,,
9014399,2,21147050.0,21147050.0,spatial
9014406,1,,,
9014410,3,,26067010.0,Propagation-1
9014426,1,,,
9014446,2,,,
9014448,4,,,
9014473,1,,,
9014485,2,,22027020.0,Propagation-2
9014486,1,,,
9014498,2,,,
9014503,4,,21097070.0,Propagation-4
9014504,1,,,
9014512,1,,,
9014527,3,26027180.0,26027180.0,spatial
9014532,1,,,
9014543,1,,,
9014544,1,,,
9014572,2,,,
9014581,3,,26027010.0,Propagation-4
9014589,1,,,
9014637,4,,21097070.0,Propagation-3
9014638,1,,,
9014679,1,,,
9014693,1,,,
9014716,3,,26027010.0,Propagation-3
9014717,1,,,
9014733,3,,26027010.0,Propagation-2
9014734,1,,,
9014762,1,,,
9014787,1,,,
9014797,2,26057040.0,26057040.0,spatial
9014798,3,26027010.0,26027010.0,spatial
9014798,3,26057070.0,26057070.0,spatial
9014888,2,,26027210.0,Propagation-2
9014890,1,,,
9014892,1,,,
9014914,4,,21137010.0,Propagation-2
9014924,1,,,
9014928,1,,,
9014932,2,22027020.0,22027020.0,spatial
9014949,2,,22027020.0,Propagation-2
9014950,2,,22027020.0,Propagation-3
9014985,2,26047020.0,26047020.0,spatial
9014991,2,,21127020.0,Propagation-3
9014995,1,,,
9015003,1,,,
9015016,2,,26047020.0,Propagation-1
9015017,1,,,
9015023,1,,,
9015027,1,26027250.0,26027250.0,spatial
9015065,3,,26057160.0,Propagation-2
9015091,1,26027210.0,26027210.0,spatial
9015119,1,,,
9015125,1,,,
9015163,1,,,
9015168,4,21097070.0,21097070.0,spatial
9015183,1,,,
9015202,1,,,
9015203,4,,,
9015204,1,,,
9015209,1,,,
9015218,2,,21127020.0,Propagation-2
9015224,2,21127020.0,21127020.0,spatial
9015284,4,,21097120.0,Propagation-4
9015299,4,,21097070.0,Propagation-2
9015320,1,,,
9015323,2,,,
9015339,2,,,
9015356,1,,,
9015376,1,,,
9015397,1,,,
9015398,1,,,
9015441,1,,,
9015466,1,21127010.0,21127010.0,spatial
9015503,2,,,
9015504,3,26057160.0,26057160.0,spatial
9015505,1,21117100.0,21117100.0,spatial
9015505,1,21117080.0,21117080.0,spatial
9015592,4,,21097120.0,Propagation-2
9015599,1,,,
9015610,1,,,
9015611,1,,,
9015616,1,,,
9015670,2,,21107020.0,Propagation-3
9015688,2,,,
9015695,1,,,
9015713,1,,,
9015731,3,,26027100.0,Propagation-2
9015738,1,,,
9015740,2,,,
9015741,1,,,
9015770,3,,,
9015773,3,,,
9015797,1,,,
9015798,1,,,
9015815,1,,,
9015823,2,,21107020.0,Propagation-2
9015840,1,,,
9015841,4,21097120.0,21097120.0,spatial
9015918,1,,,
9015919,1,,,
9015920,2,,,
9015925,2,,,
9015928,1,,,
9015967,3,,21057030.0,Propagation-4
9015968,2,,,
9015983,1,,,
9016017,1,21087040.0,21087040.0,spatial
9016018,2,21087080.0,21087080.0,spatial
9016035,3,,26057080.0,Propagation-1
9016040,1,21087050.0,21087050.0,spatial
9016063,2,21087070.0,21087070.0,spatial
9016077,1,,,
9016078,3,,21057060.0,Propagation-3
9016092,1,,,
9016113,3,,,
9016128,2,,21087080.0,Propagation-1
9016136,1,,,
9016137,3,,26057080.0,Propagation-2
9016148,4,,21077020.0,Propagation-2
9016150,1,,,
9016167,1,,,
9016192,1,26027100.0,26027100.0,spatial
9016215,3,,26067010.0,Propagation-3
9016242,1,,,
9016253,3,,26017030.0,Propagation-2
9016256,1,,,
9016257,3,,21057060.0,Propagation-1
9016268,2,,26027080.0,Propagation-2
9016271,1,,,
9016272,2,21057130.0,21057130.0,spatial
9016281,1,,,
9016287,2,,,
9016291,2,21107020.0,21107020.0,spatial
9016295,2,,,
9016302,1,21107030.0,21107030.0,spatial
9016355,2,,26037030.0,Propagation-2
9016364,1,26037010.0,26037010.0,spatial
9016429,2,,21057130.0,Propagation-2
9016449,2,26037030.0,26037030.0,spatial
9016459,1,,,
9016476,3,,21057130.0,Propagation-3
9016482,1,26027080.0,26027080.0,spatial
9016482,1,26027200.0,26027200.0,spatial
9016494,1,,,
9016495,4,21077020.0,21077020.0,spatial
9016518,1,,,
9016523,3,21057060.0,21057060.0,spatial
9016551,1,,,
9016556,1,,,
9016557,3,,21057060.0,Propagation-2
9016560,3,,21057030.0,Propagation-2
9016565,3,21057030.0,21057030.0,spatial
9016568,1,,,
9016569,1,,,
9016570,3,,21057060.0,Propagation-3
9016588,2,26017030.0,26017030.0,spatial
9016588,2,26017020.0,26017020.0,spatial
9016589,1,,,
9016657,4,,,
9016660,1,,,
9016669,1,,,
9016674,2,,26017030.0,Propagation-1
9016722,1,,,
9016861,1,,,
9016870,2,21057050.0,21057050.0,spatial
9016875,1,,,
9016885,4,,,
9016886,4,,21047010.0,Propagation-4
9016967,2,,21057080.0,Propagation-2
9016968,1,,,
9016985,1,,,
9017021,4,,21047010.0,Propagation-3
9017041,2,21057080.0,21057080.0,spatial
9017053,1,,,
9017057,4,,21077020.0,Propagation-2
9017116,1,,,
9017127,1,21057110.0,21057110.0,spatial
9017138,4,21047010.0,21047010.0,spatial
9017195,2,26017060.0,26017060.0,spatial
9017196,1,,,
9017206,1,,,
9017207,1,,,
9017240,4,,21097120.0,Propagation-2
9017248,2,,21057050.0,Propagation-1
9017274,1,,,
9017296,4,,21027010.0,Propagation-3
9017314,1,,,
9017341,4,,21027010.0,Propagation-2
9017345,1,,,
9017377,1,,,
9017378,1,,,
9017549,2,,21037010.0,Propagation-3
9017599,1,,,
9017664,4,21027010.0,21027010.0,spatial
9017677,1,,,
9017684,4,,21017040.0,Propagation-4
9017689,2,,21037010.0,Propagation-2
9017697,1,,,
9017698,4,,21047010.0,Propagation-2
9017784,1,,,
9017785,4,,21017040.0,Propagation-2
9017789,1,,,
9017795,1,,,
9017861,2,,,
9017862,4,21017040.0,21017040.0,spatial
9017872,1,,,
9017880,1,,,
9017881,1,,,
9017882,2,,21017060.0,Propagation-2
9017884,1,,,
9017889,1,,,
9017907,1,,,
9017908,4,,21017040.0,Propagation-2
9017929,1,,,
9017950,2,,21017060.0,Propagation-3
9017987,2,,21017030.0,Propagation-1
9017990,1,,,
9017991,2,,21017060.0,Propagation-2
9018010,2,21017060.0,21017060.0,spatial
9018017,1,,,
9018026,1,,,
9018066,4,,21017040.0,Propagation-1
9018085,2,21017030.0,21017030.0,spatial
9018086,3,,,
9018087,2,21017020.0,21017020.0,spatial
9018102,1,,,
9018103,3,,,
9018120,2,21037010.0,21037010.0,spatial
9018124,3,,21017030.0,Propagation-2
9018139,2,,21017050.0,Propagation-2
9018140,1,,,
9018146,1,,,
9018203,1,,,
9018331,2,,,
9018340,1,,,
9018373,1,,,
9018376,1,,,
9018571,1,21017050.0,21017050.0,spatial
9018725,1,,,
