GeoglowsID,Order,Drainage,StationID,AssignedID,AssignmentReason
9000266,4,7347567767.45,,,
9000288,1,104518991.936,,,
9000289,1,72297551.5974,,,
9000294,1,91585438.0594,,,
9000296,3,2148774162.76,,,
9000297,2,190515577.93299997,,,
9000300,4,5195760441.04,,,
9000313,4,5030792545.7,,,
9000315,2,200490016.194,,,
9000317,1,96416014.2099,,,
9000327,3,1863385265.3,,,
9000333,1,70640042.1026,,,
9000334,6,264303840305.0,,,
9000336,1,406175684.019,,,
9000338,6,264209943682.0,,,
9000344,1,158333116.647,,,
9000345,4,4870921712.920001,,,
9000346,1,73937587.8023,,,
9000347,1,103358605.694,,,
9000348,4,4668737915.7,,,
9000351,1,87471708.6556,,,
9000359,3,1421436000.88,,,
9000364,2,500018432.265,,,
9000365,2,866645275.1950002,,,
9000366,1,154359950.40499997,,,
9000371,1,168585141.51299998,,,
9000374,1,135930475.73,,,
9000375,1,96899009.6074,,,
9000376,1,166103076.34300002,,,
9000390,2,374574073.408,,,
9000391,3,820711818.0649998,,,
9000394,6,264041851559.99997,,,
9000395,2,364995913.382,,,
9000396,2,756375985.988,,,
9000399,6,263635706444.99994,,,
9000400,1,345360593.708,29067050.0,29067050.0,spatial
9000407,1,105011399.106,,,
9000411,1,147337135.367,,,
9000412,1,86078778.4483,,,
9000413,1,182724836.433,,,
9000415,1,136714606.66300002,,,
9000416,1,112359156.441,,,
9000417,1,244928191.537,,,
9000425,3,3847999810.96,,,
9000430,1,276043522.995,,,
9000432,1,87711889.899,,,
9000433,2,271871878.25400007,28017080.0,28017080.0,spatial
9000435,2,378978505.33,,,
9000437,1,290826087.847,,,
9000438,2,383072598.2569999,,,
9000442,1,123879643.79,,,
9000449,1,103697493.554,,,
9000454,1,136791372.674,,,
9000455,1,258354977.843,,,
9000464,2,629087639.68,,,
9000465,1,161990437.654,,,
9000468,1,70375712.3446,,,
9000469,2,372238336.1399999,,,
9000473,1,141148311.60899997,,,
9000474,1,148029939.967,,,
9000477,2,397543637.313,,,
9000480,3,2979612022.14,,,
9000481,1,71433330.1853,,,
9000482,1,88803478.3616,,,
9000484,1,83931509.46310002,,,
9000487,2,681301891.497,,,
9000488,2,885658959.541,,,
9000489,1,192627249.18,,,
9000490,2,800125112.694,28017110.0,28017110.0,spatial
9000494,1,256654418.48600003,,,
9000506,3,2903677673.48,,,
9000508,2,484953779.642,29067010.0,29067010.0,spatial
9000526,3,2355283323.45,,,
9000530,2,764706377.486,,,
9000533,6,263485181681.0,,,
9000534,2,1097451897.43,,,
9000535,2,920889878.6910001,,,
9000536,2,417236767.333,,,
9000543,2,451586346.7369999,,,
9000544,3,1473454296.8899996,,,
9000545,2,825645070.0460001,29067150.0,29067150.0,spatial
9000545,2,825645070.0460001,29067130.0,29067130.0,spatial
9000546,1,70861385.6468,,,
9000549,1,136967123.061,,,
9000552,1,95014452.5689,,,
9000556,3,2032961330.55,,,
9000557,1,187848142.308,,,
9000559,1,77506083.28070001,,,
9000573,1,161165763.218,,,
9000590,3,1397646607.86,,,
9000594,1,105345049.67499998,,,
9000595,6,262961154823.99997,,,
9000605,1,87171397.2028,,,
9000606,2,244401402.608,,,
9000611,1,73126595.0992,,,
9000612,6,262832675234.00003,,,
9000613,3,2200263687.9200006,,,
9000615,1,120142082.072,,,
9000616,1,167658732.05299997,,,
9000637,1,105330993.26699997,,,
9000639,2,1083652460.81,29067120.0,29067120.0,spatial
9000640,1,238897570.319,,,
9000643,6,262718893311.0,,,
9000649,1,217947920.404,,,
9000650,3,2329920413.2,,,
9000651,2,740191542.842,,,
9000652,1,81887381.05849999,,,
9000655,1,110062456.88399997,,,
9000656,2,458316401.116,,,
9000657,1,114116192.242,,,
9000658,3,2626880742.06,,,
9000667,2,432544176.85,,,
9000673,2,221407946.007,,,
9000675,2,285494188.77799994,,,
9000678,2,721346678.3070002,28017050.0,28017050.0,spatial
9000679,3,2762374555.07,,,
9000687,1,78872164.6624,,,
9000688,1,146247412.92700002,,,
9000690,1,138055490.89699998,,,
9000692,1,186722640.752,,,
9000693,1,111686839.545,,,
9000694,1,91432535.3226,,,
9000695,1,128781968.162,,,
9000700,2,654567311.997,,,
9000709,1,96156818.6982,,,
9000718,1,165693710.44300002,,,
9000724,1,106070216.25300002,,,
9000727,1,76988962.37230001,,,
9000731,2,548535184.471,,,
9000733,6,262556404033.0,,,
9000735,1,83855038.0126,,,
9000739,1,130849924.926,,,
9000743,3,3554683915.399999,28037030.0,28037030.0,spatial
9000746,2,304143564.629,,,
9000749,1,90648622.8444,,,
9000750,1,103350880.217,,,
9000753,3,3902629110.05,,,
9000754,1,135447681.05299997,,,
9000765,1,77319091.6226,,,
9000766,1,89358960.273,,,
9000769,1,110087956.447,,,
9000770,3,4149611856.89,,,
9000772,3,4259717309.2899995,,,
9000774,1,241872967.776,,,
9000776,1,87966791.51009999,,,
9000777,1,177169288.235,,,
9000779,2,209973518.78,,,
9000788,1,231192662.356,,,
9000796,6,262363973902.00006,,,
9000809,1,140218360.853,,,
9000811,3,4516445139.710001,,,
9000817,2,251232181.888,,,
9000819,1,81907882.0792,,,
9000820,2,339232456.801,,,
9000821,1,130986811.65500002,,,
9000826,2,475476845.878,,,
9000827,6,262069063113.99997,,,
9000828,1,75936334.23849998,,,
9000840,1,140860754.85900003,,,
9000841,3,4598582796.72,,,
9000847,2,722522390.741,,,
9000855,2,767335593.445,28047010.0,28047010.0,spatial
9000856,1,187516277.758,28047040.0,28047040.0,spatial
9000859,1,129249346.654,,,
9000868,1,173815894.04,,,
9000872,1,161926374.878,,,
9000895,1,86134810.72169998,,,
9000896,6,261579626520.99997,29037020.0,29037020.0,spatial
9000909,1,347655477.37799996,,,
9000911,2,1006815430.56,,,
9000913,1,87457180.80569999,,,
9000948,2,342941005.332,,,
9000949,3,5014412356.659999,,,
9000960,6,261460883839.0,,,
9000963,1,89981093.5014,,,
9000964,6,261249117085.0,,,
9000970,1,174541571.28499997,,,
9000975,2,965593897.305,,,
9000976,1,271382143.813,,,
9000978,1,109425757.966,,,
9000999,3,5380556135.47,,,
9001009,2,1282536820.66,,,
9001010,1,148877877.0,,,
9001011,2,292795484.632,28037130.0,28037130.0,spatial
9001012,1,78706457.7118,,,
9001022,1,297425381.625,,,
9001032,1,75502361.0958,,,
9001033,1,217641520.133,,,
9001039,6,261129227067.00006,,,
9001040,1,79282025.0148,,,
9001046,6,261034682455.00003,,,
9001047,6,260933525589.0,,,
9001049,1,175377943.467,,,
9001055,2,447956968.6510001,,,
9001056,1,147133681.164,,,
9001064,2,1200332937.85,,,
9001065,1,77878669.3838,,,
9001089,2,390732265.366,,,
9001090,1,262639672.244,,,
9001120,1,95746132.83339998,,,
9001123,1,292523694.23,,,
9001124,3,5965868362.02,,,
9001128,1,104298497.846,,,
9001129,2,1643022875.5100002,,,
9001130,1,78775827.6864,,,
9001133,2,678616362.525,,,
9001139,1,151631042.588,,,
9001140,2,664943935.314,,,
9001146,3,6262508396.009999,,,
9001153,1,216766260.016,,,
9001154,6,260828457871.0,,,
9001155,2,1726404331.4499996,,,
9001171,1,413062057.986,,,
9001176,1,85841176.95030001,,,
9001177,1,105705398.738,,,
9001182,2,837496044.107,,,
9001183,3,7049014253.660002,,,
9001186,6,259021891958.00003,,,
9001189,1,96803532.9741,,,
9001199,2,312442595.11800003,,,
9001200,1,202079700.064,,,
9001202,2,748080658.889,,,
9001206,2,211234939.087,,,
9001207,1,93406346.9095,,,
9001208,2,920541418.393,,,
9001209,6,258916061305.99997,,,
9001210,2,354758107.207,,,
9001213,1,111641560.44,,,
9001214,3,7896515231.3,,,
9001215,1,143853411.174,,,
9001217,1,101282985.30900002,,,
9001218,1,159839519.292,,,
9001219,3,1279047971.35,,,
9001222,3,1391087672.01,,,
9001223,2,1417013709.8700001,,,
9001224,1,84881637.60550001,,,
9001237,1,211943150.00800005,,,
9001239,1,110729097.705,,,
9001242,6,258664569090.99994,,,
9001243,3,2816864461.78,,,
9001245,3,2982794768.22,,,
9001246,2,400392758.329,,,
9001279,1,190396256.292,,,
9001280,1,289859571.41400003,28037060.0,28037060.0,spatial
9001281,3,8067018137.280002,,,
9001285,1,393080549.97200006,,,
9001286,1,204090914.67500004,,,
9001287,2,435386383.546,,,
9001290,1,146743612.114,,,
9001331,2,1039003451.92,,,
9001332,1,72235233.26129998,,,
9001333,1,122635319.544,,,
9001336,3,3573704126.9299994,28047050.0,28047050.0,spatial
9001353,6,258223966435.0,29017010.0,29017010.0,spatial
9001358,1,114928331.70800002,,,
9001370,2,783948618.177,,,
9001371,1,125631469.52700002,,,
9001383,2,1198320594.95,,,
9001387,1,77949692.8941,,,
9001388,2,912156481.7519999,,,
9001390,6,257993723390.99997,,,
9001395,1,108834975.455,,,
9001396,3,8499567547.54,,,
9001400,1,463175549.088,,,
9001417,1,105933243.63599998,,,
9001418,6,257224543483.0,,,
9001419,2,735792826.881,,,
9001423,1,300375431.123,,,
9001424,1,124710898.51500002,,,
9001432,1,177542648.8,,,
9001433,1,225284648.885,,,
9001434,2,1413624481.27,,,
9001456,1,157452370.00300002,,,
9001457,2,275505484.029,,,
9001458,3,3824930843.56,,,
9001460,6,256557380012.99997,,,
9001461,1,242549441.827,,,
9001462,1,79528105.4278,,,
9001465,2,602793531.589,,,
9001466,1,153980568.68899998,,,
9001467,3,8714821966.11,,,
9001474,2,937778470.676,,,
9001489,2,440788412.645,,,
9001490,3,2415663583.98,,,
9001494,3,4113969973.32,,,
9001498,1,79563810.13390002,,,
9001503,2,493719497.802,,,
9001504,4,11162252951.9,,,
9001505,1,168409640.132,,,
9001518,1,94399725.4829,,,
9001519,1,90936852.0803,,,
9001524,1,142451823.33,,,
9001525,2,185502455.042,,,
9001526,1,117733053.24,,,
9001529,1,187780810.79400003,,,
9001530,1,95235320.8009,,,
9001539,6,256260235052.0,,,
9001541,1,81655103.8094,,,
9001556,2,347868610.304,,,
9001557,1,144466502.016,,,
9001569,2,630500106.136,28027050.0,28027050.0,spatial
9001579,1,260996793.00600004,,,
9001595,1,70005185.777,,,
9001602,2,272721176.413,,,
9001610,2,368791606.793,,,
9001618,3,4319805957.77,,,
9001619,2,537372947.654,,,
9001627,1,289452296.65,,,
9001631,1,97860498.3408,,,
9001632,2,438051770.35200006,,,
9001643,3,1226798490.9699998,,,
9001653,1,170718840.01,,,
9001662,1,154137182.174,,,
9001663,1,286183060.056,,,
9001672,1,80920345.284,,,
9001681,1,238619624.271,,,
9001694,2,455541535.12999994,,,
9001696,3,4897031382.69,,,
9001697,4,11691737272.6,,,
9001706,2,432445307.795,,,
9001729,2,528131632.898,,,
9001731,1,284064228.208,,,
9001737,1,87995315.9484,,,
9001738,2,217045201.04599997,,,
9001741,2,648584031.364,,,
9001742,4,16599886771.800003,,,
9001748,2,521671499.9800001,,,
9001754,2,1700178610.37,,,
9001755,2,584787821.4599999,,,
9001765,1,101879662.286,,,
9001766,2,741274736.6990001,,,
9001769,1,111957023.834,,,
9001771,1,172071453.07900003,,,
9001774,1,99289144.6887,,,
9001784,2,743984504.4079999,,,
9001787,1,140451298.61,,,
9001789,2,233375037.396,,,
9001791,4,17277886217.0,,,
9001804,2,985370768.934,,,
9001805,1,208622180.28200004,,,
9001811,1,101232040.22100002,,,
9001826,1,175441174.18499997,,,
9001829,1,438033370.57,,,
9001831,4,17544477253.3,,,
9001835,1,81211085.1882,,,
9001837,1,201432342.02199996,,,
9001850,6,255022785477.0,,,
9001858,1,254916008.236,,,
9001859,1,77818338.65990001,,,
9001877,6,246883864519.99997,,,
9001890,4,17634926842.2,,,
9001893,4,7891692816.57,,,
9001902,4,6926006167.9,,,
9001903,1,92434405.8961,,,
9001905,1,175910740.20499998,,,
9001915,3,1316012532.33,,,
9001924,3,1434705867.12,,,
9001926,4,18167728389.100002,,,
9001928,1,114166058.66800001,,,
9001936,1,187328231.41,,,
9001937,2,1189812226.7699997,,,
9001941,3,2370057492.01,,,
9001942,2,1392604748.9,,,
9001947,1,80706099.29830001,,,
9001948,3,3767180399.2499995,,,
9001957,1,194535911.172,,,
9001958,2,488478023.1559999,,,
9001959,4,6798929703.020001,,,
9001960,2,287444720.456,,,
9001961,2,503756009.538,,,
9001962,1,74898991.54049999,,,
9001967,3,3916339123.49,,,
9001970,1,127355306.91699998,,,
9001997,4,19645232913.900005,,,
9001998,2,620316591.944,,,
9002013,1,105021905.479,,,
9002022,1,151841577.788,,,
9002033,1,108065639.727,,,
9002049,1,99602165.0758,,,
9002054,1,80614739.49430001,,,
9002055,2,554114313.952,,,
9002056,1,113297519.646,,,
9002110,2,710837344.181,,,
9002113,4,20380267542.6,,,
9002114,1,195548953.10999995,,,
9002119,4,20575851373.699997,,,
9002126,1,167434261.061,,,
9002131,2,959937975.232,,,
9002136,1,80146057.0972,,,
9002137,2,291436508.305,,,
9002152,4,20877890367.8,,,
9002156,1,243295459.943,,,
9002157,1,120484696.22499998,,,
9002167,3,2846296101.2499995,,,
9002175,1,80838725.6564,,,
9002176,1,84754867.64529999,,,
9002182,2,370776028.398,,,
9002184,1,70426849.467,,,
9002185,6,246595913838.00006,25027680.0,25027680.0,spatial
9002186,1,85375385.634,,,
9002187,4,21228965015.3,,,
9002198,2,237306691.991,,,
9002203,2,181573928.015,,,
9002205,1,174391409.37500003,,,
9002206,3,1910729621.94,,,
9002207,2,502695635.121,,,
9002220,2,381748839.907,,,
9002222,1,73873154.8686,,,
9002230,1,212226283.068,,,
9002231,1,94778306.3408,,,
9002233,1,100594855.17899998,,,
9002234,1,132999493.73100002,,,
9002238,6,246389896721.99994,,,
9002244,2,1159963703.4800003,,,
9002250,1,257034029.407,25027690.0,25027690.0,spatial
9002255,2,270765707.951,,,
9002256,1,94745084.47369999,,,
9002268,1,136835504.97500002,,,
9002284,1,83381542.08129999,,,
9002285,4,21647468404.7,,,
9002292,2,486979703.07,,,
9002293,1,127248504.27900001,,,
9002296,1,198986963.408,,,
9002301,1,147125575.31100002,,,
9002304,2,1003127071.77,,,
9002305,2,681710555.996,,,
9002307,1,80789419.0728,,,
9002321,6,246164355485.0,,,
9002322,2,488250611.186,,,
9002323,1,267092758.997,,,
9002324,2,328110015.752,,,
9002358,1,131719782.49299999,,,
9002359,4,21909853066.5,,,
9002362,1,168780131.214,,,
9002363,2,757783636.6480001,,,
9002367,1,116681203.814,,,
9002368,1,114694745.206,,,
9002375,4,17595521169.2,,,
9002376,2,248255338.651,,,
9002378,2,625919867.477,,,
9002399,1,124630251.58899999,,,
9002405,4,22137718905.6,,,
9002407,6,228534127844.0,,,
9002415,6,228441710167.00003,,,
9002416,1,126132737.872,,,
9002424,1,82683300.8046,,,
9002437,1,84281004.37529999,,,
9002440,2,706830361.434,,,
9002444,2,307624010.731,,,
9002459,1,176876587.42099997,,,
9002460,1,234889572.569,,,
9002476,1,258022191.73799995,,,
9002477,2,1013936408.01,,,
9002484,1,91193858.1186,,,
9002495,2,1136526196.73,,,
9002496,4,17459905071.0,,,
9002504,1,132808509.53,,,
9002516,1,228552044.411,,,
9002518,4,16230840563.500002,,,
9002521,4,22963474155.699997,,,
9002527,2,437435160.702,,,
9002528,1,76143706.32049999,,,
9002529,1,94611913.1163,,,
9002565,5,163573188583.0,25027020.0,25027020.0,spatial
9002567,2,510712656.89,,,
9002573,1,109036428.07499997,,,
9002574,2,604982619.428,,,
9002597,1,104219265.58000001,,,
9002605,6,228110658951.00006,25027930.0,25027930.0,spatial
9002605,6,228110658951.00006,25027530.0,25027530.0,spatial
9002606,1,141390930.57299998,,,
9002607,5,164197556274.00003,25027490.0,25027490.0,spatial
9002614,1,343785483.936,,,
9002617,2,545256010.275,,,
9002618,1,79936476.9961,,,
9002623,4,16116584591.1,,,
9002630,1,110266271.47599998,,,
9002631,2,506814682.049,,,
9002636,2,794746336.171,,,
9002637,4,15293338724.499998,,,
9002639,1,229216391.55,,,
9002650,1,123665526.62700002,,,
9002654,6,227915734619.0,,,
9002660,1,131223810.168,,,
9002663,5,167022719693.99997,,,
9002664,5,165244557951.99997,,,
9002666,1,150893525.851,,,
9002669,5,165004078827.0,25027360.0,25027360.0,spatial
9002670,2,650799939.986,,,
9002677,1,100151191.76500002,,,
9002684,5,164879311593.99997,,,
9002685,1,109206697.951,,,
9002686,2,655941835.147,,,
9002690,1,270635086.68999994,,,
9002704,4,14457876479.000002,,,
9002709,4,13311967141.4,,,
9002715,2,911271692.424,,,
9002717,1,111353115.382,,,
9002718,2,1070588420.53,,,
9002720,5,164414536138.00003,,,
9002745,1,100548100.081,,,
9002748,1,207052091.95500004,,,
9002753,2,1777586857.98,,,
9002764,5,164767744440.0,,,
9002765,1,157203729.64499998,,,
9002766,5,140549189233.0,25027330.0,25027330.0,spatial
9002767,1,282558329.07399994,,,
9002771,1,83757774.09910001,,,
9002776,2,1676078960.8899996,,,
9002779,5,140021219117.0,,,
9002785,1,76422878.6639,,,
9002794,5,164579725800.99997,,,
9002807,1,99013206.9204,,,
9002808,2,775495283.1870002,,,
9002810,1,168675583.932,,,
9002814,4,12400120609.2,,,
9002816,2,1099546793.57,,,
9002817,2,1395028413.92,,,
9002832,1,278466744.535,,,
9002834,1,156829370.58300003,,,
9002847,2,444473600.608,,,
9002854,5,139886272521.99997,,,
9002858,1,151622722.02499998,,,
9002863,1,108009953.911,,,
9002868,1,71866280.652,,,
9002869,1,192075097.96200004,,,
9002870,1,75304534.23049998,,,
9002871,5,139799881999.99997,,,
9002872,2,278158406.597,,,
9002874,1,99560243.71849997,,,
9002882,4,10903255837.8,,,
9002886,1,90354697.5801,,,
9002894,2,1514602757.4,,,
9002895,1,152545857.709,,,
9002913,1,359444529.294,,,
9002926,2,971209409.334,,,
9002932,1,133593856.15699998,,,
9002933,5,139520513388.00003,,,
9002939,2,1200981869.39,,,
9002948,2,761426967.433,,,
9002950,1,119700858.588,,,
9002953,5,138467722095.0,25027410.0,25027410.0,spatial
9002962,1,234374664.436,,,
9002965,2,296016731.716,,,
9002981,1,69697752.11889999,,,
9002982,1,75669317.2024,,,
9002985,1,174622552.80099997,,,
9002987,1,83933505.3677,,,
9002988,5,60880366427.0,25027640.0,25027640.0,spatial
9002993,4,10762210738.1,,,
9002995,2,1042474896.15,,,
9002997,1,160959337.46099997,,,
9003002,4,7429653946.629999,,,
9003007,3,3206081687.52,,,
9003011,2,365864912.334,,,
9003012,3,4444081588.8,,,
9003015,2,457656737.714,,,
9003016,1,197673436.446,,,
9003019,1,83501610.0847,,,
9003020,1,186007527.387,,,
9003024,1,86856700.8442,,,
9003058,2,374701766.3,,,
9003068,2,954976576.729,,,
9003083,2,584005996.483,,,
9003091,5,60600247502.200005,,,
9003094,2,274734772.003,,,
9003095,3,2711041062.2200003,,,
9003102,1,99046235.2867,,,
9003111,3,2417480815.16,,,
9003114,2,237331785.52199996,,,
9003126,1,417604034.498,,,
9003127,2,543467690.97,,,
9003137,2,679239689.541,,,
9003139,1,149736332.314,,,
9003151,2,1184503186.2899997,,,
9003152,3,4057245772.04,,,
9003156,2,666478781.5590001,,,
9003157,1,113884465.15499999,,,
9003161,4,7172863749.0,,,
9003171,1,212232180.975,,,
9003176,1,120624845.488,,,
9003185,1,294952716.71000004,,,
9003186,1,116083207.78099997,,,
9003189,1,254361741.40999997,,,
9003204,1,523225406.736,,,
9003209,5,134020402195.99998,,,
9003215,1,141218044.517,,,
9003237,1,253537095.72600004,,,
9003238,3,2738101712.15,,,
9003245,5,133667189952.0,,,
9003246,1,366674061.243,,,
9003247,3,1852309778.6,,,
9003248,2,449324211.245,,,
9003253,1,70887993.4156,,,
9003256,1,95159821.61270002,,,
9003269,2,189319422.05399996,,,
9003270,1,107028754.754,,,
9003284,1,81794772.134,,,
9003300,5,60212747448.499985,,,
9003315,1,106088487.494,,,
9003316,5,133412560535.00003,,,
9003331,3,1407086819.5,,,
9003332,3,2608491978.9799995,,,
9003339,1,74841872.91270001,,,
9003340,3,1202916959.67,,,
9003342,4,6964780707.06,,,
9003344,1,194513311.161,,,
9003368,1,134187861.84700002,,,
9003374,1,170718694.457,,,
9003375,1,148985826.568,,,
9003378,5,133255736955.00002,,,
9003386,1,255199153.383,,,
9003393,1,93797088.4781,,,
9003396,3,1355420833.3500001,,,
9003397,5,59996395712.2,25027200.0,25027200.0,spatial
9003408,1,90937540.9483,,,
9003409,3,1126944222.61,,,
9003442,1,146812993.94099998,,,
9003448,2,841091747.413,,,
9003458,2,396014564.744,,,
9003459,2,478117473.699,,,
9003460,1,126162338.042,,,
9003476,3,985695397.9529998,,,
9003477,2,300254906.549,,,
9003495,5,59560521507.80001,,,
9003496,1,135726777.577,,,
9003498,1,154139466.49500003,,,
9003499,1,313759658.721,,,
9003508,2,416258086.2199999,25027910.0,25027910.0,spatial
9003512,2,463091280.816,,,
9003514,1,111496745.498,,,
9003526,1,206750404.827,,,
9003528,1,133925602.5,,,
9003532,2,501222526.751,,,
9003537,5,133116760424.0,,,
9003540,1,80076670.85310002,,,
9003541,5,132729399010.0,,,
9003548,3,2030909708.27,,,
9003551,1,142907301.952,,,
9003559,1,148273972.822,,,
9003562,1,484782396.383,,,
9003563,1,248490852.98,,,
9003571,5,59297188666.200005,,,
9003581,5,132645652738.99998,,,
9003615,1,134456339.696,,,
9003620,1,124122220.86,,,
9003630,2,351377984.891,,,
9003631,3,5482063791.39,25027120.0,25027120.0,spatial
9003649,1,134893398.52499998,,,
9003677,5,57529269853.09999,,,
9003684,1,181110410.463,,,
9003690,1,268131106.556,,,
9003691,1,503975819.97199994,,,
9003692,5,132508683411.00003,23217030.0,23217030.0,spatial
9003705,1,164921313.24,,,
9003713,1,183487094.702,,,
9003714,1,162638254.744,,,
9003715,2,615446173.4569999,,,
9003724,1,222464929.445,,,
9003732,1,159194580.562,,,
9003739,2,379743806.12899995,,,
9003740,3,4784243498.26,,,
9003743,1,97281468.5583,,,
9003753,2,289748552.01400006,,,
9003754,3,1788264531.32,,,
9003762,5,131778920220.99998,,,
9003763,1,92814831.2477,,,
9003766,1,312142097.858,,,
9003780,1,202431497.801,,,
9003786,5,57312830836.5,25027270.0,25027270.0,spatial
9003800,3,4585870226.86,,,
9003802,1,88763055.38790001,,,
9003811,1,88394144.1134,,,
9003823,1,220620305.323,,,
9003825,4,15008026321.3,,,
9003829,1,106682031.974,,,
9003831,3,1564539181.77,,,
9003856,3,1126993449.46,,,
9003866,2,355053948.027,,,
9003867,2,1359632686.94,,,
9003876,3,4455331018.63,,,
9003881,1,103549705.649,,,
9003882,1,94900446.80079998,,,
9003891,1,254958694.309,,,
9003903,2,567238092.264,,,
9003910,1,175596946.78700003,,,
9003919,1,134333558.001,,,
9003920,4,8210382071.790001,,,
9003926,1,152300315.25500003,,,
9003930,1,139555994.73,,,
9003934,1,75643915.46,,,
9003935,4,41936509901.90001,,,
9003936,4,42232871217.1,25027050.0,25027050.0,spatial
9003940,2,755764371.71,,,
9003945,2,2285581354.21,,,
9003948,3,4299260626.06,,,
9003949,1,71927858.62769999,,,
9003986,2,2482540431.15,,,
9003990,4,7998938052.159999,,,
9003991,1,251157428.647,,,
9003994,1,109223378.53300002,,,
9003997,1,77139663.1087,,,
9003998,3,4105211253.12,25017010.0,25017010.0,spatial
9003999,2,1991457435.4400003,,,
9004014,4,14791446351.3,27037010.0,27037010.0,spatial
9004015,2,511828043.52,,,
9004016,4,7702356654.69,,,
9004017,2,304495721.32,,,
9004026,4,41794855531.299995,26247020.0,26247020.0,spatial
9004028,3,3223667057.38,,,
9004029,1,140229406.53699997,,,
9004033,1,139418275.806,,,
9004053,3,3944559028.25,,,
9004056,3,3746026881.86,,,
9004062,1,76271039.90150002,,,
9004063,2,690460068.235,,,
9004066,5,123446738708.99998,,,
9004070,4,14492817103.8,,,
9004071,1,281138854.468,,,
9004073,1,155341367.668,,,
9004089,4,7394315653.750001,,,
9004092,2,510244128.494,,,
9004093,1,181706146.922,,,
9004096,2,988829555.1369998,,,
9004098,1,184951398.79699996,,,
9004103,2,270520546.451,,,
9004107,2,493749821.109,,,
9004119,1,118101478.39100002,,,
9004125,1,73893692.07270001,,,
9004160,1,327564879.382,,,
9004167,2,1835205569.2900004,,,
9004173,1,222135720.987,,,
9004182,4,6823921471.470002,,,
9004197,2,911330078.22,,,
9004211,5,122244028120.0,,,
9004216,1,129949738.85900003,,,
9004225,2,1450855812.47,,,
9004233,1,150595863.40499997,,,
9004239,1,219719294.213,,,
9004245,1,191899539.794,,,
9004256,1,691339438.202,,,
9004257,1,149450538.09699997,,,
9004275,1,95271540.9456,,,
9004281,3,1115073941.58,,,
9004282,1,71980710.5946,,,
9004284,1,165297292.304,,,
9004286,4,5680431280.799999,,,
9004300,3,1011536087.38,,,
9004302,1,112137566.83499998,,,
9004303,3,884279032.506,,,
9004309,3,1426744435.53,,,
9004310,1,89793660.8954,,,
9004311,1,129447542.876,,,
9004317,1,72797336.7924,,,
9004318,3,721237606.102,,,
9004322,2,716412051.9399999,25017020.0,25017020.0,spatial
9004326,2,242267129.076,,,
9004328,1,91703540.3797,,,
9004355,5,120770274474.99998,23187280.0,23187280.0,spatial
9004378,1,116703660.79699998,,,
9004382,1,99257769.91030002,,,
9004400,4,13470125464.7,,,
9004401,1,94424210.5164,,,
9004411,1,71081264.1934,,,
9004412,1,165265385.746,,,
9004417,2,593318414.947,26247010.0,26247010.0,spatial
9004418,1,166511275.66,,,
9004429,1,113675677.201,,,
9004437,2,283650811.471,,,
9004439,1,74441774.277,,,
9004443,4,40828947987.299995,,,
9004444,1,99126519.6551,,,
9004448,2,413555918.433,,,
9004449,2,476451587.426,,,
9004452,2,556437131.951,,,
9004455,2,1045925027.59,,,
9004456,4,13111183641.0,,,
9004463,2,864211958.2049998,,,
9004464,2,546127578.006,,,
9004469,2,304836501.053,,,
9004473,2,552288556.139,,,
9004493,4,12185154117.4,,,
9004496,1,79807833.5596,,,
9004497,2,625702392.494,,,
9004506,1,173519193.096,,,
9004509,1,88676961.9842,,,
9004515,1,109535237.137,,,
9004521,1,112921751.71700002,,,
9004522,1,149048335.632,,,
9004528,1,113658440.426,,,
9004533,1,88437435.67809999,,,
9004534,1,88349023.2116,,,
9004553,4,5104126702.460001,,,
9004561,1,110716185.95,,,
9004562,1,118684749.88300002,,,
9004571,1,137485169.319,,,
9004572,2,360148745.734,,,
9004578,1,90895320.499,,,
9004580,2,1212802964.46,,,
9004587,1,77600299.6082,,,
9004596,2,555236909.803,,,
9004600,2,517839820.592,,,
9004601,3,1246160763.56,,,
9004607,1,360920723.889,,,
9004614,4,40320798370.9,,,
9004623,4,11622440191.699999,,,
9004641,1,101986758.047,,,
9004648,2,254790909.465,,,
9004651,2,455748885.814,,,
9004662,1,304014464.608,,,
9004670,2,453601063.561,,,
9004674,1,149200864.186,,,
9004680,1,190322968.913,,,
9004688,4,11411955787.499998,,,
9004698,1,94768217.0313,,,
9004699,4,39971977941.4,,,
9004703,1,193694846.143,,,
9004708,1,178471443.11699998,,,
9004713,2,635556908.129,,,
9004715,4,39812181309.7,,,
9004731,1,91543840.2079,,,
9004739,4,38763365253.200005,,,
9004767,1,186696762.54700005,,,
9004778,1,74797487.4746,,,
9004779,1,340465634.049,,,
9004806,1,223033260.485,,,
9004826,5,119667734479.00003,,,
9004832,1,190304789.213,,,
9004838,1,108366516.44500002,,,
9004839,4,4779941983.68,23197370.0,23197370.0,spatial
9004840,3,946215490.1769998,,,
9004845,3,1060924086.72,,,
9004846,2,285741832.819,,,
9004854,1,147002604.682,,,
9004879,2,1040351693.86,26247050.0,26247050.0,spatial
9004882,4,8768151948.1,,,
9004883,1,193150325.824,,,
9004884,1,69625067.2006,,,
9004890,2,817358059.21,,,
9004893,1,349515444.18200004,,,
9004894,1,114580839.81899998,,,
9004895,1,118964092.324,,,
9004902,4,8569907306.55,,,
9004903,1,330838039.122,,,
9004908,1,78670265.9214,,,
9004914,1,101438071.887,,,
9004915,1,219182374.645,,,
9004916,1,154448489.06,,,
9004917,5,119388288639.99998,23207040.0,23207040.0,spatial
9004919,2,783537774.439,,,
9004923,2,425761808.834,,,
9004929,1,73056624.62489998,,,
9004931,1,148764947.428,,,
9004934,3,2623157202.3,27037020.0,27037020.0,spatial
9004941,4,3640865255.53,,,
9004942,1,226786518.723,,,
9004958,1,268892349.293,,,
9004963,4,38534277640.99999,26247030.0,26247030.0,spatial
9004964,3,2130620540.13,,,
9004965,1,82005235.254,,,
9004968,4,8434061861.849999,27037030.0,27037030.0,spatial
9004976,1,87638523.40470001,,,
9004977,2,301607094.704,,,
9004982,3,2035934944.21,,,
9004992,1,213425031.474,,,
9004995,4,3345719538.8,,,
9004998,2,358260241.429,,,
9005006,2,1188960087.03,,,
9005012,1,353483201.501,,,
9005018,2,600825607.413,,,
9005022,4,38388718784.600006,,,
9005025,2,235401473.883,,,
9005026,1,158754105.62899998,,,
9005035,1,112124575.928,,,
9005037,1,213284723.67400005,,,
9005041,1,101381887.86100002,,,
9005044,5,115431452344.0,,,
9005045,1,75288733.23609999,,,
9005047,2,820627638.842,,,
9005065,1,70092634.8028,,,
9005069,1,84245144.42350002,,,
9005076,1,71885902.1914,,,
9005077,4,3172732914.59,,,
9005080,1,74444600.47529998,,,
9005083,1,184092368.727,,,
9005086,3,5404133919.500001,,,
9005089,3,3011337240.1100006,,,
9005090,2,593373400.57,,,
9005094,2,902279394.166,,,
9005096,3,2490348315.49,,,
9005097,2,1063945650.32,,,
9005099,3,2838100517.45,,,
9005103,3,2281776125.11,,,
9005109,1,84152415.1672,,,
9005114,1,106203648.16399997,,,
9005115,1,190185597.189,,,
9005116,3,3918132756.7,,,
9005121,1,102657541.353,,,
9005123,2,381207528.356,,,
9005125,1,73543196.22350001,,,
9005129,1,80637218.3273,,,
9005140,1,84592823.45950001,,,
9005145,3,2128616653.82,,,
9005147,1,89569703.41470002,,,
9005148,1,141777508.64,,,
9005149,3,732075330.47,,,
9005153,4,38268436295.8,,,
9005154,1,107201062.74800003,,,
9005155,1,135069584.534,,,
9005160,1,82044568.63390002,,,
9005167,5,115300696762.0,,,
9005169,2,211355543.708,,,
9005174,1,160491601.682,,,
9005176,4,3046383447.69,,,
9005194,1,74461719.899,,,
9005203,3,2188373713.81,,,
9005207,1,158878794.253,,,
9005212,2,843685616.498,,,
9005213,1,195829190.956,,,
9005218,1,70336439.3444,,,
9005235,2,391853890.87,,,
9005253,2,329979938.67399997,,,
9005258,4,38104427507.49999,,,
9005262,3,5297123600.650001,,,
9005269,3,3670417547.89,,,
9005274,2,301169108.369,,,
9005276,1,319770724.65,,,
9005281,1,78129522.612,,,
9005282,1,79813705.2671,,,
9005283,1,118958746.96499997,,,
9005309,1,98793807.9335,,,
9005322,4,37856058692.5,26237040.0,26237040.0,spatial
9005323,3,2015375177.62,,,
9005332,2,213349144.213,,,
9005356,2,1024699192.86,,,
9005360,1,95197361.1575,,,
9005366,1,96144300.48619998,,,
9005378,3,1979026363.14,,,
9005383,1,84209292.3152,,,
9005397,1,253553267.049,23197130.0,23197130.0,spatial
9005418,5,115121157643.99998,,,
9005419,3,1678982047.46,,,
9005421,1,115764812.99699998,,,
9005424,3,1717446532.0700004,,,
9005427,1,110744182.136,,,
9005429,2,349971875.129,,,
9005432,1,221701551.291,,,
9005433,4,37439905910.600006,,,
9005439,4,22250507503.8,24067020.0,24067020.0,spatial
9005446,1,159067160.88899997,,,
9005447,4,22407634397.800003,,,
9005459,1,144569965.84899998,,,
9005463,4,21911455985.4,,,
9005466,2,784976330.124,,,
9005473,1,154622456.956,,,
9005476,3,1337389805.8899999,23197290.0,23197290.0,spatial
9005481,2,509639586.733,,,
9005482,2,675410944.2279999,,,
9005494,4,21638257213.800003,,,
9005495,1,254552580.48199996,,,
9005496,2,485070026.671,23197700.0,23197700.0,spatial
9005502,1,166257535.88300002,,,
9005503,1,134400904.94899997,,,
9005513,2,705569642.894,,,
9005520,1,198712506.857,,,
9005523,4,21376089440.8,,,
9005538,2,577867397.432,,,
9005539,4,37089756539.399994,,,
9005541,1,84116299.72230001,,,
9005552,1,175767244.455,,,
9005553,1,346429090.785,,,
9005556,1,185748902.99500003,,,
9005557,1,153498821.665,,,
9005574,1,95513957.09,,,
9005578,3,3301304507.7100005,,,
9005586,2,536236785.661,,,
9005587,1,193542327.764,,,
9005602,3,2866082077.87,,,
9005617,1,224124036.095,,,
9005618,3,2651393031.53,,,
9005619,1,184329371.765,,,
9005631,3,1416831695.7299998,,,
9005635,5,92562330791.4,,,
9005640,1,228367124.39699996,,,
9005641,4,36372330382.59999,,,
9005652,1,333238633.681,,,
9005656,1,184270455.262,,,
9005664,4,21151531716.2,,,
9005665,2,585171010.4009999,,,
9005669,1,210102894.846,,,
9005670,3,2424849466.27,,,
9005677,4,35822515165.299995,26237050.0,26237050.0,spatial
9005679,4,20467759327.0,,,
9005680,1,108504558.753,,,
9005681,1,121039680.23500001,,,
9005683,1,155889495.668,,,
9005687,2,773626675.063,,,
9005688,1,131095538.098,,,
9005693,2,489633797.67600006,,,
9005699,4,35553317413.5,,,
9005700,1,69887677.1806,,,
9005704,1,94352470.9017,,,
9005705,5,91666660843.79999,,,
9005716,1,122614508.97900002,,,
9005724,3,1181481977.81,,,
9005726,2,403982470.561,,,
9005729,1,109112019.478,,,
9005730,1,149374977.016,,,
9005732,1,219934986.704,,,
9005734,2,778687777.695,,,
9005739,1,136751262.32899997,,,
9005765,4,35453606043.1,,,
9005777,3,1002542147.2,,,
9005783,2,505405098.373,,,
9005784,1,74467811.7782,,,
9005788,3,1920587707.1200004,,,
9005789,3,2180598084.36,,,
9005794,1,207128498.76200005,,,
9005795,2,977936486.894,,,
9005797,2,590442186.159,,,
9005798,5,91487134564.6,,,
9005802,2,417005949.088,,,
9005803,1,382761479.449,,,
9005810,3,4216167937.33,,,
9005817,1,200683134.24,,,
9005820,1,231176722.032,,,
9005828,1,93977689.5215,,,
9005835,1,168653981.736,,,
9005836,5,91303450001.90002,,,
9005849,3,869520179.9160001,,,
9005858,1,235583642.837,,,
9005867,1,371607203.9830001,23197690.0,23197690.0,spatial
9005875,2,527954292.2119999,,,
9005876,1,74116424.8792,,,
9005895,5,89629631037.79999,23167010.0,23167010.0,spatial
9005912,1,170893274.753,,,
9005920,1,123024891.61699998,,,
9005923,5,89393925826.59999,,,
9005928,1,148862036.746,,,
9005943,4,20327506977.999996,,,
9005950,2,214868887.677,,,
9005951,1,170491082.96899998,,,
9005974,1,96991793.78319998,,,
9005978,2,310530860.871,,,
9005998,1,169842898.78899997,,,
9006005,1,137998396.76099998,,,
9006009,1,175842155.374,,,
9006016,1,87840433.2238,,,
9006017,4,20038682726.4,,,
9006018,1,76229724.1382,,,
9006033,1,298529063.932,27027060.0,27027060.0,spatial
9006034,1,156185215.71299997,,,
9006035,5,87265699668.5,,,
9006041,1,92201037.9861,,,
9006058,4,35213589809.7,,,
9006068,1,134669077.63900003,,,
9006069,2,490833485.488,,,
9006076,3,1660337087.69,23147040.0,23147040.0,spatial
9006077,1,135272411.087,,,
9006089,1,321052782.307,26237110.0,26237110.0,spatial
9006095,5,86936123926.09999,,,
9006098,3,3802946650.7699995,,,
9006101,3,1008671724.46,,,
9006110,1,112282687.23599999,,,
9006123,1,164285574.604,,,
9006127,2,925899300.612,,,
9006131,1,132695935.59699997,,,
9006143,2,356746362.36600006,,,
9006144,1,143291668.342,,,
9006153,2,308524413.171,,,
9006154,1,212587992.161,,,
9006193,1,152185411.37299997,,,
9006204,5,86798608821.10002,,,
9006223,4,34859540403.8,,,
9006237,2,459181532.474,,,
9006238,1,317208069.216,,,
9006242,1,213598057.723,,,
9006249,1,88911316.332,,,
9006262,1,114563658.41099998,,,
9006265,3,2098368242.8099997,,,
9006268,4,19903836570.6,,,
9006272,1,129471379.39699998,,,
9006273,1,138331851.10300002,,,
9006274,2,603523089.8310001,,,
9006276,2,428446505.949,23107040.0,23107040.0,spatial
9006287,2,402331703.196,,,
9006295,3,8606048116.66,,,
9006298,1,84061606.4008,,,
9006303,1,394690002.9059999,,,
9006306,5,80031568228.1,,,
9006307,1,126102383.218,,,
9006334,1,117261377.91500002,,,
9006340,3,9283982004.56,,,
9006343,1,195535978.021,,,
9006345,1,72697075.6131,,,
9006346,3,9143602789.93,24037360.0,24037360.0,spatial
9006357,3,1781071760.62,23147020.0,23147020.0,spatial
9006369,2,258582391.77400005,,,
9006372,3,959466408.228,,,
9006373,5,79331889324.89998,,,
9006380,1,73716124.6278,,,
9006394,3,1841198578.6400003,,,
9006402,2,318405529.354,,,
9006411,1,172390463.036,,,
9006412,2,791444435.494,,,
9006413,1,92347364.4783,,,
9006414,4,10404142338.800001,,,
9006421,1,143019995.647,,,
9006422,2,154999408.221,,,
9006425,1,78749323.4873,,,
9006429,1,75600746.7678,,,
9006432,4,10193454840.4,,,
9006440,3,8481973555.43,,,
9006441,1,538927128.954,,,
9006446,1,165924447.03500003,,,
9006447,1,140775259.455,,,
9006455,1,97462992.3301,,,
9006461,1,74399180.589,,,
9006464,1,94982939.68619998,,,
9006466,1,87658482.8498,,,
9006468,5,78981166008.8,,,
9006474,1,83288501.8559,,,
9006475,3,2491506993.51,23107020.0,23107020.0,spatial
9006485,4,34666029142.100006,,,
9006486,1,130096936.22,,,
9006500,2,598648596.12,,,
9006506,2,190988460.46999997,,,
9006507,2,365202868.97,23107030.0,23107030.0,spatial
9006510,2,655160904.5400001,,,
9006529,4,10093470473.4,,,
9006530,1,91719836.9748,,,
9006532,1,474293443.033,,,
9006536,1,76906354.3212,,,
9006542,1,102883772.743,,,
9006543,1,99176425.4929,,,
9006544,1,91375156.388,,,
9006545,1,111937247.112,,,
9006546,2,509703613.56400007,,,
9006548,1,129450250.08700003,,,
9006558,5,78793812246.09999,,,
9006561,1,216392134.149,,,
9006568,3,7758921325.990001,,,
9006569,1,93425286.38379999,,,
9006570,3,2595527452.43,,,
9006571,3,2711352696.33,,,
9006584,1,219474789.30199996,,,
9006586,3,6736204204.47,23127050.0,23127050.0,spatial
9006588,1,115452727.62300003,,,
9006595,2,951687892.6689998,,,
9006604,1,144109679.02,,,
9006606,1,105798456.29899998,,,
9006610,1,501654810.386,,,
9006611,2,318503529.615,,,
9006619,3,7572509121.48,,,
9006628,1,196315345.285,,,
9006629,1,88550805.0735,,,
9006630,2,499694883.715,,,
9006635,1,126464477.20099998,,,
9006636,1,193690797.743,,,
9006640,2,826837126.738,,,
9006644,3,3117832771.75,,,
9006654,1,158228807.60099998,,,
9006660,3,7446887499.570001,,,
9006665,3,7433131967.45,,,
9006666,3,7320573767.969998,,,
9006669,3,5585909416.86,,,
9006670,1,102309893.12500001,,,
9006672,5,75936528557.40001,,,
9006694,3,1634094934.8,,,
9006698,4,34344915675.2,26237100.0,26237100.0,spatial
9006702,1,74603832.66,,,
9006704,1,84284056.5654,,,
9006709,1,136989915.807,,,
9006710,1,97695225.8537,,,
9006713,4,34042103922.5,,,
9006716,1,120133658.226,,,
9006721,2,397710521.116,26217010.0,26217010.0,spatial
9006723,4,33797328193.6,,,
9006724,4,9962267059.17,,,
9006727,2,678046631.6839999,,,
9006730,3,2449501104.69,,,
9006740,2,1302055045.84,,,
9006742,1,373450573.1400001,,,
9006750,1,112263692.927,,,
9006754,1,104416671.711,,,
9006759,1,259882379.86,,,
9006761,1,78428974.43390001,,,
9006769,2,185565222.83799997,,,
9006770,3,7357436601.65,,,
9006771,3,2123751257.8499997,24027010.0,24027010.0,spatial
9006777,1,111227773.058,,,
9006778,2,320159740.552,,,
9006779,2,272561929.208,24027040.0,24027040.0,spatial
9006782,4,33391562726.299995,,,
9006783,1,78516960.0764,,,
9006784,2,456689792.063,,,
9006785,3,1284461390.2799997,,,
9006786,3,1104732764.23,,,
9006790,5,75730776647.90001,23097030.0,23097030.0,spatial
9006799,3,1026172499.49,,,
9006814,1,73850659.928,,,
9006819,2,564043196.409,,,
9006823,2,281826716.157,,,
9006824,1,115260702.02100001,,,
9006825,2,933328172.347,,,
9006831,1,242021310.913,26237020.0,26237020.0,spatial
9006835,3,6417868708.96,24037390.0,24037390.0,spatial
9006837,1,163868847.571,,,
9006838,1,259924468.423,24037380.0,24037380.0,spatial
9006838,1,259924468.423,24037040.0,24037040.0,spatial
9006842,1,116630014.572,,,
9006848,2,1103441297.94,24037490.0,24037490.0,spatial
9006851,3,7135166316.889999,24017640.0,24017640.0,spatial
9006853,1,206575484.804,,,
9006858,1,169196372.489,24027060.0,24027060.0,spatial
9006861,2,1233200205.2099998,,,
9006871,1,117434252.224,,,
9006882,1,82489134.0486,,,
9006888,2,241802676.65400004,,,
9006893,3,5463082385.05,23127020.0,23127020.0,spatial
9006894,1,100476493.90799998,,,
9006899,2,754506266.104,,,
9006906,2,284454809.089,,,
9006911,1,71646026.08270001,,,
9006924,1,141941605.647,,,
9006926,4,33093262467.699997,26217050.0,26217050.0,spatial
9006931,1,457710376.987,23087160.0,23087160.0,spatial
9006932,1,92779475.6348,,,
9006933,5,75421486994.3,,,
9006940,1,245378686.35800004,,,
9006943,2,611101231.779,,,
9006945,1,85663501.60110001,,,
9006959,1,125965861.26899998,,,
9006960,3,732601901.175,,,
9006967,3,5273266230.860001,,,
9006968,1,148541634.087,,,
9006988,1,473850363.918,23087180.0,23087180.0,spatial
9007003,1,103876712.86699998,,,
9007004,1,115030272.73099998,,,
9007010,1,204651896.562,,,
9007019,1,108316090.64299998,,,
9007025,2,145361245.60899997,24037370.0,24037370.0,spatial
9007048,1,82625093.8248,,,
9007049,2,909034610.935,,,
9007051,1,199849237.565,,,
9007052,1,492227681.743,,,
9007066,5,75100950080.8,,,
9007072,3,5110140157.22,,,
9007079,1,111349375.68,,,
9007081,1,76860369.7549,,,
9007087,1,80252499.64750001,,,
9007092,2,317638524.427,,,
9007093,3,6153506193.009999,,,
9007096,3,6986207773.829999,,,
9007105,1,161926169.514,,,
9007113,1,129335951.03,,,
9007116,5,74616137694.30002,,,
9007125,1,210803786.942,,,
9007126,2,365844522.463,,,
9007134,3,1636469112.2,24027070.0,24027070.0,spatial
9007140,1,79759040.6118,,,
9007141,1,93632225.96660002,,,
9007145,2,707460578.3390001,,,
9007146,3,4822844064.32,,,
9007150,4,32761610489.4,,,
9007151,1,85564780.05889998,,,
9007164,1,141610333.826,,,
9007172,1,83851657.9058,,,
9007173,2,608769477.434,,,
9007176,1,109764869.514,,,
9007180,1,72574872.52870001,,,
9007182,2,616848300.0929999,24027050.0,24027050.0,spatial
9007183,2,323315745.677,,,
9007191,1,201165397.06399995,,,
9007198,5,74380129954.3,,,
9007203,1,231877116.208,,,
9007218,2,485107496.343,,,
9007220,1,132800545.84700002,,,
9007222,2,283809557.951,,,
9007225,4,32513065464.0,,,
9007226,1,145361245.60899997,,,
9007233,2,1583040253.77,,,
9007238,3,5125416274.090001,23127060.0,23127060.0,spatial
9007239,2,811718253.975,,,
9007255,3,4814978987.85,23087210.0,23087210.0,spatial
9007256,2,856761521.521,,,
9007262,1,108502780.02800003,,,
9007272,4,32311224564.600006,,,
9007273,1,133864329.56300002,,,
9007292,5,74108261467.59999,23097040.0,23097040.0,spatial
9007297,1,146580445.807,,,
9007305,3,5745036121.150001,,,
9007306,3,4608175155.049999,,,
9007307,1,70693403.5876,,,
9007313,2,444266613.64799994,,,
9007317,1,186193627.66700003,,,
9007331,2,1103146782.6,,,
9007334,2,1884201620.69,,,
9007335,3,3922027738.430001,,,
9007336,1,203175625.065,,,
9007337,3,4723639238.94,,,
9007342,2,239648902.021,,,
9007343,1,204535555.743,,,
9007348,1,101817726.66900001,,,
9007352,5,68286628906.89999,,,
9007356,1,155799992.75699997,23087670.0,23087670.0,spatial
9007357,2,688992688.362,,,
9007365,2,563626936.046,,,
9007370,1,71138103.9878,,,
9007371,1,226725588.412,,,
9007382,1,89572096.0506,23087660.0,23087660.0,spatial
9007383,1,361194559.73,,,
9007386,3,6035412120.579999,,,
9007387,1,96047036.06320003,,,
9007398,3,3519493737.72,,,
9007407,1,285186869.60199994,,,
9007415,2,530569931.093,23087260.0,23087260.0,spatial
9007419,1,89040489.1332,,,
9007420,1,83085533.5041,,,
9007425,5,67737603927.5,,,
9007432,2,335780209.204,24017580.0,24017580.0,spatial
9007440,1,101175002.447,,,
9007442,2,712827427.648,24027030.0,24027030.0,spatial
9007453,1,185356290.22,,,
9007454,2,1110801668.09,,,
9007457,3,3407161142.78,,,
9007459,1,75707053.0566,,,
9007464,2,276645218.015,,,
9007466,3,4111845658.2,,,
9007469,1,90858070.4022,,,
9007475,3,5500126899.57,24017570.0,24017570.0,spatial
9007479,2,555933965.438,,,
9007480,1,103031881.792,,,
9007481,1,71763488.99289998,,,
9007484,1,379090422.082,,,
9007485,2,315302413.13799995,,,
9007490,4,32043787258.899994,,,
9007491,1,86743268.5489,,,
9007492,1,154346905.758,,,
9007494,3,1969669386.38,,,
9007502,4,31841821964.0,,,
9007503,2,258390976.531,,,
9007512,1,165542139.454,,,
9007515,1,84466052.30289999,,,
9007516,1,78788419.62089999,,,
9007519,2,317912998.08199996,,,
9007548,1,97143038.8113,,,
9007555,5,67548724342.19999,,,
9007565,2,783957700.336,,,
9007568,2,940670016.231,,,
9007571,1,99699538.58260003,,,
9007577,3,3903127284.71,,,
9007592,1,146250035.292,,,
9007599,5,67286602525.0,,,
9007604,1,146999717.438,,,
9007612,1,183886610.805,,,
9007615,1,99560788.0502,,,
9007616,3,1796296834.7900004,,,
9007623,1,149263409.98700002,,,
9007635,1,150919202.178,,,
9007636,2,543104278.602,,,
9007655,1,186227809.716,,,
9007656,1,160051361.596,,,
9007657,1,152728637.356,,,
9007661,1,142141627.086,,,
9007666,2,379447662.029,,,
9007669,1,161606418.54700002,,,
9007676,1,218718392.40300003,,,
9007677,1,104483742.086,,,
9007682,4,31583301168.4,,,
9007699,1,298143944.317,,,
9007703,3,3648972253.85,,,
9007706,1,158622502.74499997,,,
9007708,2,484974296.352,,,
9007721,2,814414586.446,23077020.0,23077020.0,spatial
9007727,2,497947479.791,,,
9007728,2,504674480.3960001,,,
9007729,3,3499870879.45,,,
9007737,1,80765348.79249999,,,
9007740,1,207686310.10600004,,,
9007749,1,198648609.19199997,,,
9007763,1,119609844.18499997,,,
9007769,1,124982711.92099997,,,
9007770,1,259932368.151,24037410.0,24037410.0,spatial
9007774,3,4469493983.26,,,
9007779,4,31296701682.5,26207080.0,26207080.0,spatial
9007780,1,87816794.7314,,,
9007781,5,66442194392.0,,,
9007812,4,31183974099.3,,,
9007813,1,274185193.875,,,
9007821,2,588069977.7889999,,,
9007822,1,115091541.29300001,,,
9007823,3,1638244534.3100004,23087190.0,23087190.0,spatial
9007825,1,197768707.941,23087200.0,23087200.0,spatial
9007826,1,84828921.10470001,,,
9007827,2,319010036.12600005,,,
9007832,3,2983212285.9000006,24037510.0,24037510.0,spatial
9007834,1,188563064.707,,,
9007835,2,611128456.4649999,,,
9007836,3,3733900979.53,,,
9007838,3,2814179640.52,,,
9007851,1,391009956.964,,,
9007853,4,29728064988.199997,,,
9007854,1,82010150.02729999,,,
9007856,1,151642407.05699998,,,
9007858,1,129386886.24899998,,,
9007859,5,66150127245.799995,,,
9007866,3,702797875.242,,,
9007867,2,365581267.69,,,
9007871,1,86536992.57769999,,,
9007877,3,1360013732.98,,,
9007878,2,341661896.57799995,,,
9007879,3,3310534951.07,,,
9007903,1,242664257.505,,,
9007904,2,1452828947.6,,,
9007905,1,75208829.5758,,,
9007906,1,319830711.265,,,
9007912,5,65759222054.40001,,,
9007918,1,133998602.29299998,,,
9007919,1,105143436.152,,,
9007932,1,145633236.719,,,
9007933,2,346341245.647,,,
9007939,1,94447852.7889,,,
9007940,3,2506453218.4999995,,,
9007944,3,3001780431.16,,,
9007946,3,2801037084.4199996,,,
9007950,1,107287017.088,,,
9007952,1,226051269.83400005,,,
9007954,2,504911559.545,,,
9007966,5,65638424228.60001,,,
9007967,1,80911394.62089999,,,
9007980,1,71394044.6001,,,
9007981,2,609969679.418,,,
9007985,2,338635142.756,,,
9007996,1,113253690.624,,,
9007997,2,444059893.634,,,
9007998,3,2302202342.62,24017590.0,24017590.0,spatial
9008017,2,1165696160.7,26197030.0,26197030.0,spatial
9008018,1,100679621.42000002,,,
9008021,1,90159249.3658,,,
9008026,1,164615209.221,,,
9008029,1,166783722.72300002,,,
9008041,2,192638113.438,,,
9008044,1,104197655.505,,,
9008050,4,29590786679.100002,,,
9008051,1,77258218.30910002,,,
9008053,3,2701000664.32,,,
9008056,1,106227686.407,,,
9008060,1,86337462.7644,,,
9008067,2,225161211.095,,,
9008068,3,2731659029.27,,,
9008075,1,87039146.5354,,,
9008085,1,121878180.994,,,
9008087,3,2569045752.4199996,,,
9008091,1,254385516.815,,,
9008114,1,103021754.798,,,
9008120,1,83483533.5696,,,
9008136,3,2508090393.16,,,
9008138,1,95050606.7462,,,
9008141,1,80785511.71990001,,,
9008153,5,65420974470.9,,,
9008164,1,284961011.489,,,
9008165,3,2315750817.5399995,,,
9008172,1,115458654.19500002,,,
9008173,1,72148398.08569999,,,
9008174,1,87018328.30990002,,,
9008177,2,1392679397.33,,,
9008180,4,29276101571.800003,26207030.0,26207030.0,spatial
9008185,2,859785069.989,,,
9008186,2,1206365639.14,,,
9008188,1,171346481.088,,,
9008193,3,2449156142.99,,,
9008199,2,779245711.212,,,
9008203,1,74389454.0532,,,
9008205,1,179857447.719,,,
9008216,1,183402214.604,,,
9008218,4,28828086070.899998,,,
9008221,4,3731349994.83,,,
9008223,3,2204808586.4800005,24037290.0,24037290.0,spatial
9008225,1,77609720.23030001,,,
9008233,1,115692012.36300002,,,
9008234,2,1576523704.04,24037190.0,24037190.0,spatial
9008237,1,140669262.34300002,,,
9008238,2,1089295577.71,24037130.0,24037130.0,spatial
9008240,4,28640341948.5,,,
9008242,1,208561816.949,,,
9008257,1,102413711.82799998,,,
9008261,1,150370044.75900003,,,
9008280,2,823566097.87,,,
9008286,3,1899944527.72,,,
9008289,5,62876073297.7,,,
9008290,4,4656691610.9,23067040.0,23067040.0,spatial
9008292,2,250034191.773,,,
9008293,1,77193411.9285,,,
9008298,3,2302585003.1200004,,,
9008299,2,434679337.897,,,
9008308,2,677717479.3470001,,,
9008309,5,58182208622.200005,,,
9008322,2,879864046.052,,,
9008331,3,2446799622.78,23057140.0,23057140.0,spatial
9008333,1,108669412.697,,,
9008334,3,1795898506.41,,,
9008340,2,320175418.527,,,
9008341,5,58073601843.100006,,,
9008343,1,85872543.5127,,,
9008345,1,240835096.348,,,
9008357,1,97673223.9563,,,
9008364,1,122664752.12,,,
9008365,2,1209416745.14,24017600.0,24017600.0,spatial
9008381,1,169735885.132,,,
9008390,2,598950153.629,,,
9008391,1,87824158.8164,,,
9008394,1,78355804.4804,,,
9008396,1,208353172.204,24017740.0,24017740.0,spatial
9008406,3,1840710687.73,,,
9008407,3,1238958382.42,,,
9008411,1,152179153.142,,,
9008412,1,166258733.212,,,
9008413,2,1059842000.6799998,26187040.0,26187040.0,spatial
9008416,1,74802990.6668,,,
9008417,2,227241577.781,,,
9008418,1,101246944.792,,,
9008419,2,741855827.542,,,
9008424,3,833733989.212,,,
9008425,2,1110332847.16,,,
9008426,3,1712431447.08,,,
9008447,2,551314419.473,,,
9008465,1,79823081.81769998,,,
9008468,1,85691187.2115,,,
9008487,3,1520464234.8899996,,,
9008503,2,450649266.5769999,24037030.0,24037030.0,spatial
9008509,2,515310886.318,26197010.0,26197010.0,spatial
9008519,1,120909261.97,,,
9008522,1,100957142.84400003,,,
9008530,1,98902264.2255,,,
9008531,1,232127406.525,,,
9008544,2,291362515.576,,,
9008546,3,1603096411.1299996,23127010.0,23127010.0,spatial
9008562,1,139375979.196,,,
9008568,1,127818268.22300002,,,
9008573,1,129880277.92499998,,,
9008576,3,1434454244.97,,,
9008596,2,393839754.795,24017830.0,24017830.0,spatial
9008608,1,71539442.0546,,,
9008619,2,592102284.155,,,
9008620,2,634719202.6790001,,,
9008624,1,140450843.747,,,
9008638,2,860848933.328,,,
9008645,4,3617248860.7399993,,,
9008658,1,150023670.45900002,,,
9008665,1,407169388.665,24037090.0,24037090.0,spatial
9008667,1,323368979.33400005,24017620.0,24017620.0,spatial
9008680,4,26713447615.700005,26187110.0,26187110.0,spatial
9008681,1,152623543.659,,,
9008682,2,260893104.713,,,
9008684,1,141136537.55900002,,,
9008694,1,163021410.88300002,24037120.0,24037120.0,spatial
9008711,1,107542327.183,,,
9008715,1,174375683.88300002,24037080.0,24037080.0,spatial
9008732,1,199932005.895,,,
9008733,2,379560735.716,,,
9008750,5,57943154577.799995,,,
9008775,1,88102293.6238,,,
9008784,5,57376471900.700005,,,
9008805,1,221675999.267,,,
9008806,1,99886114.85449998,,,
9008811,2,590605075.6630001,,,
9008812,1,206271047.353,,,
9008819,3,1341204762.5,,,
9008842,3,1066982324.09,,,
9008849,1,326202534.208,,,
9008859,1,77133821.89889999,,,
9008869,3,988629523.1230001,,,
9008874,2,370601118.045,,,
9008875,1,121821697.384,,,
9008884,1,195462694.057,,,
9008885,2,841307026.971,,,
9008894,1,148248086.73,,,
9008907,4,26370255090.4,,,
9008908,1,152998705.976,,,
9008927,1,102268067.85300002,,,
9008932,1,109212678.049,,,
9008935,2,511597953.3319999,,,
9008936,1,476014478.247,,,
9008951,1,185090945.067,,,
9008960,4,3207514400.2,23067020.0,23067020.0,spatial
9008990,1,71247762.2522,,,
9008997,1,146126129.08499998,,,
9009027,5,57187888137.50001,23037010.0,23037010.0,spatial
9009036,1,232200522.60999995,,,
9009042,2,445884074.952,,,
9009063,3,829146422.889,,,
9009068,1,116680012.774,,,
9009078,4,25722894826.20001,,,
9009079,2,286381017.639,,,
9009083,1,264024593.299,26177010.0,26177010.0,spatial
9009084,4,25553450871.3,,,
9009092,1,188342998.02399996,,,
9009102,1,73808893.8429,,,
9009115,1,135926029.225,,,
9009116,1,126043039.142,,,
9009150,2,265322658.46200004,,,
9009163,1,104689048.67700002,,,
9009169,1,302964868.415,26167090.0,26167090.0,spatial
9009180,1,99969159.7462,,,
9009184,1,118737031.08700003,,,
9009186,1,71073272.16449998,,,
9009198,2,547617697.314,,,
9009213,2,312495197.321,24017610.0,24017610.0,spatial
9009229,2,454595990.205,,,
9009238,1,240777450.58599997,24017150.0,24017150.0,spatial
9009248,1,76336068.22190002,,,
9009249,4,25289287980.4,,,
9009262,1,209149210.34399995,,,
9009269,5,56954954839.1,,,
9009290,1,132458148.13699998,,,
9009291,1,87662862.94209999,,,
9009310,4,25161051334.1,,,
9009313,2,340363737.515,,,
9009338,1,80019769.98249999,,,
9009341,1,86583169.653,,,
9009342,1,183980119.883,,,
9009362,1,119370900.224,,,
9009363,1,97624220.6724,,,
9009364,4,24811673640.1,26167070.0,26167070.0,spatial
9009365,2,226274188.359,,,
9009369,1,79395742.9783,,,
9009374,1,126864010.29500002,,,
9009377,1,188502329.307,,,
9009381,1,87479508.6325,,,
9009403,1,179145666.89,26147080.0,26147080.0,spatial
9009418,1,252526674.112,,,
9009419,2,863931198.298,23027060.0,23027060.0,spatial
9009420,2,571428932.037,,,
9009429,2,213292315.011,26167060.0,26167060.0,spatial
9009435,1,83614036.8872,,,
9009442,1,90077048.2756,23017060.0,23017060.0,spatial
9009472,5,55952508243.399994,,,
9009479,5,55081445531.2,,,
9009481,2,800380559.702,23017090.0,23017090.0,spatial
9009482,2,227724548.08800003,,,
9009495,1,90070732.35489999,,,
9009497,4,3070415919.72,,,
9009500,4,2281608932.31,,,
9009501,1,85997090.5204,,,
9009515,4,24706582712.5,,,
9009516,4,2185423838.61,,,
9009521,4,2582718163.84,23067050.0,23067050.0,spatial
9009542,1,106086402.51,,,
9009552,1,72515519.1947,,,
9009558,2,496218592.589,,,
9009569,2,333518261.396,,,
9009580,1,132865208.28099997,,,
9009585,4,24552138401.100002,,,
9009592,1,70894517.39169998,,,
9009603,2,548730156.383,,,
9009608,1,92062134.9803,,,
9009611,1,94436044.9591,,,
9009621,1,135983337.032,,,
9009627,3,801924799.125,23067080.0,23067080.0,spatial
9009650,4,24442973521.6,,,
9009660,5,54948511193.30001,21237020.0,21237020.0,spatial
9009661,1,222356891.555,,,
9009680,1,164153508.182,,,
9009688,4,2111646735.5900004,,,
9009696,3,1135311787.73,23067060.0,23067060.0,spatial
9009728,2,1062713084.74,26157020.0,26157020.0,spatial
9009731,1,277411507.247,,,
9009755,1,99553924.0909,,,
9009757,1,341361399.363,26157100.0,26157100.0,spatial
9009758,2,476719950.13,23017040.0,23017040.0,spatial
9009785,4,23367714665.6,,,
9009802,3,950232286.14,,,
9009805,1,172516388.314,,,
9009811,1,275006647.10200006,,,
9009831,1,126779712.812,,,
9009832,2,529917293.575,,,
9009833,1,96778520.75700001,,,
9009836,2,213510301.36800003,,,
9009837,1,184416744.649,,,
9009838,1,170037534.15699998,,,
9009844,5,54697138887.30001,,,
9009861,4,22909984530.499996,,,
9009872,1,85930978.7296,,,
9009906,2,437855729.165,,,
9009918,1,101634120.546,,,
9009924,1,153786219.88099998,,,
9009928,1,205456652.331,,,
9009936,2,531307435.933,21257070.0,21257070.0,spatial
9009945,1,87777733.8493,,,
9009950,1,86447700.0776,,,
9009986,1,259018252.592,,,
9009993,2,437191741.912,,,
9009999,2,489014704.21,23067070.0,23067070.0,spatial
9010004,1,109548851.303,,,
9010033,2,705376798.418,,,
9010036,1,119260438.086,,,
9010052,5,53999727271.19999,,,
9010056,2,437530029.051,,,
9010062,3,1109456854.2,,,
9010077,2,868463345.4249998,26147140.0,26147140.0,spatial
9010082,2,285532348.703,26147130.0,26147130.0,spatial
9010090,1,242908752.34200004,,,
9010091,1,212933818.85599995,,,
9010110,5,53717705384.50001,,,
9010120,3,1610590372.2300003,,,
9010134,1,164945188.402,,,
9010149,2,596073569.434,,,
9010183,4,22782448620.7,,,
9010186,2,379564563.363,,,
9010195,1,246169648.51000005,26157200.0,26157200.0,spatial
9010195,1,246169648.51000005,26157190.0,26157190.0,spatial
9010208,1,188932837.968,21257120.0,21257120.0,spatial
9010213,3,1286759441.27,,,
9010224,1,175840084.91900003,,,
9010225,3,2019137167.53,,,
9010231,1,211430174.183,,,
9010239,4,20765124354.600002,26177030.0,26177030.0,spatial
9010251,1,101503352.80399998,,,
9010262,4,22124164331.6,,,
9010273,1,274484391.11800003,,,
9010290,1,72241698.7104,,,
9010294,1,143999095.674,,,
9010296,1,256774235.287,,,
9010297,1,122898946.004,26137230.0,26137230.0,spatial
9010306,5,53111516813.6,,,
9010320,5,52923204382.600006,,,
9010327,1,337199911.266,21257090.0,21257090.0,spatial
9010345,3,2235915118.84,,,
9010346,1,69672374.0702,,,
9010351,1,110034853.09,,,
9010369,1,90828831.4751,,,
9010372,2,410842930.0950001,,,
9010379,1,91271435.6003,,,
9010388,2,500987809.725,,,
9010408,4,20471978647.899998,,,
9010417,1,148642958.335,,,
9010427,3,17545442397.6,,,
9010476,3,17388871852.099995,26107110.0,26107110.0,spatial
9010484,1,130109173.112,,,
9010485,3,2378607325.88,,,
9010517,4,2865391151.19,26127040.0,26127040.0,spatial
9010522,1,209252906.847,,,
9010530,3,17216541380.2,,,
9010535,1,131549971.06300002,,,
9010551,1,144410697.46300003,,,
9010560,2,733221844.825,21257100.0,21257100.0,spatial
9010561,5,52585270369.4,,,
9010590,5,51674268120.100006,,,
9010594,3,2544466763.41,,,
9010597,4,2562053816.94,,,
9010634,1,180187579.533,,,
9010635,1,331414169.013,,,
9010651,1,101777017.10799998,,,
9010652,1,364418668.517,,,
9010656,1,102836419.728,,,
9010665,1,124197495.33,,,
9010675,1,216815781.563,,,
9010683,1,498699282.938,26137110.0,26137110.0,spatial
9010767,1,210167009.102,,,
9010768,1,132317412.55699998,,,
9010825,1,251978752.875,21237040.0,21237040.0,spatial
9010826,1,110745468.462,,,
9010827,3,2837028883.07,,,
9010831,2,555477326.926,,,
9010836,2,644318542.546,,,
9010837,3,3393205550.76,,,
9010855,1,450674532.448,21247050.0,21247050.0,spatial
9010857,3,1221354440.97,,,
9010859,3,766086806.145,,,
9010872,2,305573827.95800006,,,
9010873,1,158329405.07500002,,,
9010882,1,203138624.12000003,,,
9010884,3,4038706915.11,,,
9010885,1,71817091.7886,,,
9010888,3,17069112952.4,,,
9010891,5,51450000344.100006,,,
9010898,1,109901480.222,,,
9010899,3,1446472844.34,,,
9010901,2,446138084.20800006,,,
9010911,1,112037411.152,,,
9010916,1,91395689.8667,,,
9010962,3,16775390641.3,,,
9010974,1,119714459.338,,,
9010981,4,2452366960.48,,,
9011010,2,482843185.783,,,
9011013,1,126878748.66300002,,,
9011017,5,49827943229.49999,,,
9011018,1,69499357.18209998,,,
9011057,3,4188923375.2300005,,,
9011070,1,267359302.157,,,
9011100,5,49464621683.6,,,
9011101,2,613670453.7959999,,,
9011103,1,129210908.104,,,
9011120,1,89380723.5676,,,
9011121,1,140681268.674,,,
9011135,2,493861959.337,,,
9011151,1,143181727.562,,,
9011157,3,16526408822.099998,26107070.0,26107070.0,spatial
9011162,3,4952693867.28,,,
9011163,3,4667990827.46,,,
9011229,2,327856283.395,21227010.0,21227010.0,spatial
9011238,1,90369870.5465,,,
9011249,1,184477981.902,,,
9011256,1,82699915.6193,,,
9011268,1,104318187.625,,,
9011270,2,274655000.895,,,
9011276,4,2042413963.47,,,
9011280,3,5474601573.1,21207960.0,21207960.0,spatial
9011282,1,152407573.06499997,,,
9011293,1,81651620.7468,,,
9011303,3,16348328552.1,,,
9011316,1,99637899.6474,,,
9011326,1,106358942.865,,,
9011329,1,149049945.746,,,
9011344,1,92536601.75860003,,,
9011363,2,336607166.863,,,
9011368,2,424706339.918,,,
9011402,4,1738982668.3900003,26127010.0,26127010.0,spatial
9011403,4,1500733576.7,,,
9011406,1,98289024.4235,,,
9011411,1,156823447.056,,,
9011419,3,805678368.048,21217120.0,21217120.0,spatial
9011420,1,144043140.18300003,,,
9011422,1,103329509.60500002,,,
9011424,3,16175095123.900003,26107060.0,26107060.0,spatial
9011430,2,402305695.592,,,
9011431,2,279365929.178,,,
9011432,1,169443584.53500003,21197110.0,21197110.0,spatial
9011438,4,1387357267.86,,,
9011455,3,737934423.9679998,,,
9011472,1,116241717.84700002,,,
9011476,1,394514621.699,,,
9011539,1,131271910.12499999,,,
9011551,3,16000590582.399998,,,
9011562,1,162137459.224,,,
9011589,1,139968037.763,,,
9011607,1,276011238.168,21217270.0,21217270.0,spatial
9011625,1,181222402.053,,,
9011626,1,284100998.53,21217180.0,21217180.0,spatial
9011632,3,15795522839.4,,,
9011651,3,5889327102.54,,,
9011652,1,70621374.5875,,,
9011653,3,635915415.294,,,
9011695,3,1203508789.8899999,21217200.0,21217200.0,spatial
9011702,2,427190659.464,,,
9011703,1,92795523.3845,,,
9011704,1,116740450.558,,,
9011707,5,48803860857.80001,21237010.0,21237010.0,spatial
9011708,1,72401969.1977,,,
9011709,1,215581247.53900003,,,
9011716,3,5990265151.32,,,
9011722,2,229148775.337,,,
9011728,1,84690067.9598,,,
9011730,3,1583414282.86,21217070.0,21217070.0,spatial
9011741,3,1843854444.2499998,,,
9011753,2,374869168.376,,,
9011754,5,40565992609.9,,,
9011755,1,128075849.192,,,
9011767,5,46640404756.4,,,
9011779,1,89552197.08009999,,,
9011782,2,481421224.465,,,
9011791,3,15355921938.700005,,,
9011798,3,1924917789.75,,,
9011804,2,372954392.5960001,,,
9011819,1,211401428.951,,,
9011821,3,3095197107.5,,,
9011822,3,2805032955.89,,,
9011829,2,1550720770.28,,,
9011853,1,94940151.1418,,,
9011858,1,223338779.388,,,
9011876,2,246816999.373,,,
9011904,3,1747519464.2,,,
9011907,1,106011917.624,,,
9011913,1,116936704.946,,,
9011922,2,270739394.35,,,
9011931,1,113726361.61099999,,,
9011932,3,2593225951.37,21197150.0,21197150.0,spatial
9011944,1,79748307.1556,,,
9011952,3,14446107947.000002,,,
9011992,1,93487475.7871,,,
9011998,1,138683136.24899998,,,
9012004,1,74537458.93169999,,,
9012008,1,75618062.625,,,
9012015,2,1029567574.53,,,
9012056,1,79592453.4694,,,
9012072,2,391315054.647,,,
9012073,3,13320093868.099997,,,
9012074,2,296829678.57799995,22077060.0,22077060.0,spatial
9012077,1,69486217.0495,,,
9012098,2,438210444.6979999,22077050.0,22077050.0,spatial
9012113,1,156723614.747,,,
9012129,1,313750658.96199995,,,
9012140,1,160994338.03500003,,,
9012153,3,755117529.666,,,
9012155,2,257851684.779,,,
9012165,2,1223594989.2300003,21197030.0,21197030.0,spatial
9012173,2,948654968.896,,,
9012204,1,102078924.945,,,
9012217,2,754795617.146,,,
9012221,1,104697260.672,,,
9012223,3,12899961107.699999,,,
9012225,1,69627872.0422,,,
9012266,1,107974652.089,,,
9012334,3,12734756168.300001,,,
9012368,1,121036935.19100001,,,
9012374,1,484328767.282,,,
9012377,5,37463434408.99999,,,
9012378,1,212429692.56300005,21167050.0,21167050.0,spatial
9012384,1,108377482.479,,,
9012385,2,727799651.936,,,
9012386,1,211845490.191,,,
9012389,2,719288691.7030001,,,
9012390,1,128788379.05699998,,,
9012393,1,146825397.646,,,
9012394,2,258581618.108,22077030.0,22077030.0,spatial
9012395,1,124858109.03699999,,,
9012401,1,515617720.973,21187030.0,21187030.0,spatial
9012411,1,78707569.97369999,,,
9012428,3,1680040168.0300002,,,
9012434,5,36344340947.399994,,,
9012454,1,135897308.58300003,,,
9012472,2,419705334.381,,,
9012473,1,166102989.39900002,,,
9012486,2,960745207.013,21197010.0,21197010.0,spatial
9012534,2,642674793.349,,,
9012562,2,376784631.199,21167090.0,21167090.0,spatial
9012566,3,1925057991.46,,,
9012592,1,70969353.9293,,,
9012596,4,10100017535.6,,,
9012611,1,282667292.179,21167060.0,21167060.0,spatial
9012627,3,12529950604.099998,,,
9012628,2,795693635.5649998,26107130.0,26107130.0,spatial
9012639,1,69846689.5047,,,
9012649,1,316833917.716,22067010.0,22067010.0,spatial
9012650,3,7878809580.039999,22057010.0,22057010.0,spatial
9012653,1,162240692.158,,,
9012656,1,165711110.794,,,
9012659,2,692394055.512,,,
9012669,2,533247873.909,,,
9012676,2,271529597.4,,,
9012693,1,155790131.92499998,,,
9012700,1,84774935.67809999,,,
9012721,4,26222282479.399998,,,
9012723,3,12226748857.400003,26087050.0,26087050.0,spatial
9012730,3,7506489379.520001,,,
9012735,1,160065607.47500002,,,
9012749,1,81193584.0476,,,
9012759,2,873850060.35,,,
9012778,3,6606883831.590001,,,
9012801,2,400022903.02800006,,,
9012833,1,121496992.164,,,
9012843,1,79604630.1044,,,
9012847,1,212521011.947,,,
9012866,1,251135215.692,,,
9012876,1,200329898.93100005,,,
9012877,2,711672240.773,,,
9012894,1,78816067.9704,,,
9012910,4,25743649098.899998,21137010.0,21137010.0,spatial
9012915,1,162397280.281,,,
9012980,1,297016720.411,21137020.0,21137020.0,spatial
9012991,2,986145773.866,,,
9012999,3,6516894579.08,22057070.0,22057070.0,spatial
9013009,3,11990230595.399998,,,
9013013,1,554998286.774,22067020.0,22067020.0,spatial
9013014,4,23972952098.0,,,
9013033,3,1678609570.1,,,
9013041,2,578110526.6430001,,,
9013051,1,76299205.8825,,,
9013089,2,675569572.232,,,
9013090,1,80327198.0548,,,
9013091,1,132316950.37699997,,,
9013096,3,11479661913.5,,,
9013097,1,173820473.06700003,,,
9013099,2,330590242.183,,,
9013127,4,23796633799.3,,,
9013132,1,105273748.048,,,
9013135,1,85154733.9632,,,
9013184,3,11357166004.7,,,
9013185,1,147188507.17,,,
9013190,1,71287441.0729,,,
9013209,2,1022662534.53,,,
9013211,4,23684365695.000004,,,
9013227,1,115449667.154,,,
9013244,1,330207782.983,,,
9013257,2,474636566.278,21167080.0,21167080.0,spatial
9013261,4,23536166550.4,,,
9013263,1,265012910.70200005,,,
9013292,3,6403233512.18,,,
9013318,1,145518434.03,,,
9013322,2,1165940076.54,22047010.0,22047010.0,spatial
9013330,3,11260568135.900002,,,
9013331,2,1478634855.92,,,
9013366,1,208747894.045,,,
9013373,1,177438991.67299998,,,
9013379,3,10279276842.499998,,,
9013385,1,86839481.19,,,
9013390,1,383109280.97199994,,,
9013393,2,286320356.892,,,
9013405,1,168297075.936,,,
9013406,1,126424918.50899997,,,
9013421,1,130476273.574,,,
9013427,1,181842874.425,,,
9013437,2,383109280.97199994,,,
9013445,1,103095525.90000002,,,
9013510,4,23352672282.300003,,,
9013525,3,10184185196.500002,,,
9013541,1,268974152.48199993,,,
9013542,1,493933105.689,,,
9013561,2,834964135.351,,,
9013563,1,277328763.336,21137040.0,21137040.0,spatial
9013564,4,22969870442.600002,,,
9013570,1,83099549.1023,,,
9013611,3,10086806970.699999,,,
9013651,1,155711989.472,,,
9013654,1,126725175.09699997,,,
9013728,3,9959004038.34,,,
9013754,1,74871981.11209999,,,
9013756,1,272679082.033,,,
9013762,3,9725150985.19,,,
9013767,3,4771350199.65,22057060.0,22057060.0,spatial
9013769,3,4355875173.71,,,
9013780,3,9507198122.96,,,
9013781,2,659191849.9689999,22017010.0,22017010.0,spatial
9013782,1,107924416.91,,,
9013789,2,767211102.1270002,,,
9013796,1,130178183.31699999,,,
9013797,1,109957914.559,,,
9013806,3,4175147770.83,,,
9013818,2,337447545.455,,,
9013820,1,126609902.98899998,,,
9013823,3,2495124148.5799994,,,
9013824,3,4047541908.16,,,
9013838,1,191753573.215,,,
9013840,1,175534680.11299998,,,
9013858,2,180104460.41900003,,,
9013862,1,70157208.073,,,
9013866,2,971965885.914,,,
9013878,4,22694716778.300003,21137050.0,21137050.0,spatial
9013887,2,459126713.975,,,
9013901,3,1692721090.16,22017020.0,22017020.0,spatial
9013908,2,661126998.8569999,,,
9013936,1,102110641.728,,,
9013937,1,158227463.478,,,
9013945,1,170649158.03500003,,,
9013960,1,83392922.5773,,,
9013978,3,9168879821.36,26067010.0,26067010.0,spatial
9013995,2,1199790918.61,21147080.0,21147080.0,spatial
9014004,2,365104579.345,,,
9014005,1,218496825.886,,,
9014006,1,136162074.319,,,
9014014,1,82091725.22710001,,,
9014018,2,386185512.3040001,,,
9014027,4,19630245228.4,,,
9014068,2,538096036.769,,,
9014106,3,8770412228.99,,,
9014121,1,134762923.578,,,
9014124,1,72798518.517,,,
9014125,2,1548641673.56,,,
9014126,4,18948347029.5,,,
9014127,1,230782823.524,,,
9014132,1,176847798.118,22057050.0,22057050.0,spatial
9014173,2,972219337.534,,,
9014198,3,8432452369.369999,,,
9014217,1,89460893.9618,,,
9014220,1,93144615.3481,,,
9014225,1,85775004.68030001,,,
9014230,2,1403092599.18,,,
9014236,2,262557563.361,,,
9014239,2,378013829.674,,,
9014241,1,171781150.307,,,
9014247,1,104183919.82699998,,,
9014248,3,2832129670.39,21147010.0,21147010.0,spatial
9014252,3,1707245539.47,21147030.0,21147030.0,spatial
9014254,1,70230473.6988,,,
9014265,2,707536994.97,,,
9014271,1,180108592.42,,,
9014276,4,18813238923.5,,,
9014278,1,78865954.5236,,,
9014279,3,2467504618.19,,,
9014297,1,209092485.103,,,
9014305,2,500758828.711,,,
9014311,1,105637641.697,,,
9014317,2,1276970624.67,,,
9014324,2,277909776.442,,,
9014339,4,18652803660.000004,,,
9014346,3,7859690786.43,26057080.0,26057080.0,spatial
9014347,4,17977756025.9,,,
9014356,2,665204076.342,21137030.0,21137030.0,spatial
9014384,2,414606596.117,,,
9014392,1,188400454.133,,,
9014395,1,241929757.63000005,,,
9014397,1,187657307.911,26057030.0,26057030.0,spatial
9014398,2,785944416.338,,,
9014399,2,530803563.239,21147050.0,21147050.0,spatial
9014406,1,70070557.88470002,,,
9014410,3,6999651808.950002,,,
9014426,1,160823564.608,,,
9014446,2,537300187.166,,,
9014448,4,17770562720.4,,,
9014473,1,159623058.80099997,,,
9014485,2,1136439637.67,,,
9014486,1,205581464.351,,,
9014498,2,311805754.212,,,
9014503,4,17218731941.3,,,
9014504,1,216375445.282,,,
9014512,1,304524863.83000004,,,
9014527,3,6033552791.399999,26027180.0,26027180.0,spatial
9014532,1,97361871.3901,,,
9014543,1,118721760.22700001,,,
9014544,1,166319966.886,,,
9014572,2,520086504.354,,,
9014581,3,5804361073.43,,,
9014589,1,79455925.10049999,,,
9014637,4,16022946686.8,,,
9014638,1,69495297.3928,,,
9014679,1,155700662.05900002,,,
9014693,1,272565028.743,,,
9014716,3,5711778856.22,,,
9014717,1,128463383.202,,,
9014733,3,5332788999.150001,,,
9014734,1,315051914.976,,,
9014762,1,221040859.136,,,
9014787,1,98913155.92,,,
9014797,2,409492924.61999995,26057040.0,26057040.0,spatial
9014798,3,5126807451.49,26027010.0,26027010.0,spatial
9014798,3,5126807451.49,26057070.0,26057070.0,spatial
9014888,2,276708860.087,,,
9014890,1,315111511.383,,,
9014892,1,93800879.8281,,,
9014914,4,15907696774.6,,,
9014924,1,216769805.713,,,
9014928,1,312014593.575,,,
9014932,2,967390556.482,22027020.0,22027020.0,spatial
9014949,2,403816382.062,,,
9014950,2,639317796.0510001,,,
9014985,2,924986331.386,26047020.0,26047020.0,spatial
9014991,2,1178452780.0300002,,,
9014995,1,133550854.276,,,
9015003,1,91181315.1152,,,
9015016,2,474997729.966,,,
9015017,1,202974438.74400005,,,
9015023,1,146274209.47500002,,,
9015027,1,204473346.683,26027250.0,26027250.0,spatial
9015065,3,4690580741.639999,,,
9015091,1,167972910.385,26027210.0,26027210.0,spatial
9015119,1,166300489.363,,,
9015125,1,129013849.94899999,,,
9015163,1,96715908.3829,,,
9015168,4,15420825065.400003,21097070.0,21097070.0,spatial
9015183,1,382068608.867,,,
9015202,1,88482598.7784,,,
9015203,4,14946268455.8,,,
9015204,1,70984038.2352,,,
9015209,1,186035381.70199996,,,
9015218,2,818852490.044,,,
9015224,2,474687254.455,21127020.0,21127020.0,spatial
9015284,4,14850967997.3,,,
9015299,4,14721095126.3,,,
9015320,1,105565617.256,,,
9015323,2,926694392.0009998,,,
9015339,2,633845957.086,,,
9015356,1,97706906.6138,,,
9015376,1,134093989.28499998,,,
9015397,1,70634531.3237,,,
9015398,1,249149580.15800005,,,
9015441,1,184524847.168,,,
9015466,1,240993489.908,21127010.0,21127010.0,spatial
9015503,2,357544122.009,,,
9015504,3,3659570669.99,26057160.0,26057160.0,spatial
9015505,1,301101587.58599997,21117100.0,21117100.0,spatial
9015505,1,301101587.58599997,21117080.0,21117080.0,spatial
9015592,4,14621992360.2,,,
9015599,1,142550935.46099997,,,
9015610,1,69513084.5342,,,
9015611,1,292319876.1,,,
9015616,1,69844815.3318,,,
9015670,2,1074439339.12,,,
9015688,2,334197900.879,,,
9015695,1,330111675.192,,,
9015713,1,82198171.1224,,,
9015731,3,3118672680.93,,,
9015738,1,243074386.976,,,
9015740,2,240275756.811,,,
9015741,1,72379169.3367,,,
9015770,3,2675804502.3299994,,,
9015773,3,2585675974.8199997,,,
9015797,1,174411848.499,,,
9015798,1,183047861.687,,,
9015815,1,125998613.94899999,,,
9015823,2,835371718.262,,,
9015840,1,91009118.4847,,,
9015841,4,13373248248.0,21097120.0,21097120.0,spatial
9015918,1,87716224.8817,,,
9015919,1,117558887.026,,,
9015920,2,442896510.1550001,,,
9015925,2,469938267.744,,,
9015928,1,147072255.644,,,
9015967,3,928109067.104,,,
9015968,2,356091285.431,,,
9015983,1,129282241.846,,,
9016017,1,154156443.948,21087040.0,21087040.0,spatial
9016018,2,806786363.518,21087080.0,21087080.0,spatial
9016035,3,2444859265.7400002,,,
9016040,1,165208860.464,21087050.0,21087050.0,spatial
9016063,2,519484329.189,21087070.0,21087070.0,spatial
9016077,1,95089116.10319997,,,
9016078,3,1339636868.42,,,
9016092,1,107370993.07700002,,,
9016113,3,2255439880.31,,,
9016128,2,320187707.204,,,
9016136,1,134646292.647,,,
9016137,3,2106433088.66,,,
9016148,4,12411389925.900003,,,
9016150,1,121250610.30899999,,,
9016167,1,90204405.8916,,,
9016192,1,395637386.696,26027100.0,26027100.0,spatial
9016215,3,1877982754.24,,,
9016242,1,132489587.54099998,,,
9016253,3,1198466133.93,,,
9016256,1,189796256.908,,,
9016257,3,1493148932.46,,,
9016268,2,656464544.511,,,
9016271,1,133546710.5,,,
9016272,2,566103715.222,21057130.0,21057130.0,spatial
9016281,1,210208599.191,,,
9016287,2,444304307.862,,,
9016291,2,676789401.243,21107020.0,21107020.0,spatial
9016295,2,767946125.8070002,,,
9016302,1,311869245.251,21107030.0,21107030.0,spatial
9016355,2,359893809.219,,,
9016364,1,226891125.989,26037010.0,26037010.0,spatial
9016429,2,791570604.94,,,
9016449,2,228186395.244,26037030.0,26037030.0,spatial
9016459,1,120750407.22700001,,,
9016476,3,4800405371.64,,,
9016482,1,258771940.311,26027080.0,26027080.0,spatial
9016482,1,258771940.311,26027200.0,26027200.0,spatial
9016494,1,95879989.30889998,,,
9016495,4,12186652331.8,21077020.0,21077020.0,spatial
9016518,1,72684589.16449998,,,
9016523,3,4929008232.4,21057060.0,21057060.0,spatial
9016551,1,83889217.629,,,
9016556,1,294508938.31399995,,,
9016557,3,5043321053.12,,,
9016560,3,3994027943.06,,,
9016565,3,2504026246.45,21057030.0,21057030.0,spatial
9016568,1,127560692.65,,,
9016569,1,91703914.9294,,,
9016570,3,5250228126.12,,,
9016588,2,835876088.824,26017030.0,26017030.0,spatial
9016588,2,835876088.824,26017020.0,26017020.0,spatial
9016589,1,283445876.724,,,
9016657,4,6708936294.659999,,,
9016660,1,130847623.52700002,,,
9016669,1,140201582.099,,,
9016674,2,416682253.275,,,
9016722,1,259267552.152,,,
9016861,1,113710981.806,,,
9016870,2,1403409174.8300002,21057050.0,21057050.0,spatial
9016875,1,162137584.856,,,
9016885,4,6539690801.190001,,,
9016886,4,6205017580.870001,,,
9016967,2,1066402775.69,,,
9016968,1,124848446.532,,,
9016985,1,148686292.57,,,
9017021,4,6080091621.049999,,,
9017041,2,879425453.002,21057080.0,21057080.0,spatial
9017053,1,192881687.484,,,
9017057,4,5822979634.24,,,
9017116,1,214342934.769,,,
9017127,1,428913413.394,21057110.0,21057110.0,spatial
9017138,4,5695376622.860001,21047010.0,21047010.0,spatial
9017195,2,296184137.16600007,26017060.0,26017060.0,spatial
9017196,1,72075400.58550002,,,
9017206,1,114837886.202,,,
9017207,1,107631303.554,,,
9017240,4,5574415502.360001,,,
9017248,2,443527430.834,,,
9017274,1,88631662.3232,,,
9017296,4,5438179439.2300005,,,
9017314,1,124626795.88300002,,,
9017341,4,4001749223.31,,,
9017345,1,109681066.057,,,
9017377,1,213342992.847,,,
9017378,1,82454498.71769999,,,
9017549,2,1429316919.92,,,
9017599,1,84784178.4688,,,
9017664,4,3862960680.3,21027010.0,21027010.0,spatial
9017677,1,87690997.6456,,,
9017684,4,3382988325.6100006,,,
9017689,2,1233325516.4499998,,,
9017697,1,79300616.6483,,,
9017698,4,3269627796.0199995,,,
9017784,1,103979471.88,,,
9017785,4,3152111215.1,,,
9017789,1,260852005.14200005,,,
9017795,1,139666332.03100002,,,
9017861,2,456049192.673,,,
9017862,4,3022729566.5999994,21017040.0,21017040.0,spatial
9017872,1,199653738.364,,,
9017880,1,200096296.78999996,,,
9017881,1,82785328.0874,,,
9017882,2,361681004.935,,,
9017884,1,156323649.143,,,
9017889,1,153776842.429,,,
9017907,1,95200838.7131,,,
9017908,4,2522128678.3299994,,,
9017929,1,276274932.57400006,,,
9017950,2,457502679.587,,,
9017987,2,821608994.2230002,,,
9017990,1,85616461.99929999,,,
9017991,2,655103750.064,,,
9018010,2,566826681.091,21017060.0,21017060.0,spatial
9018017,1,76190749.8831,,,
9018026,1,93816778.778,,,
9018066,4,2396584418.4199996,,,
9018085,2,1134443522.12,21017030.0,21017030.0,spatial
9018086,3,712790378.358,,,
9018087,2,326285436.48,21017020.0,21017020.0,spatial
9018102,1,72801595.228,,,
9018103,3,1627499152.5,,,
9018120,2,1023714701.7,21037010.0,21037010.0,spatial
9018124,3,1474978668.26,,,
9018139,2,455843728.9430001,,,
9018140,1,120069505.58099999,,,
9018146,1,69627534.2544,,,
9018203,1,184140492.424,,,
9018331,2,243945326.84999996,,,
9018340,1,69814105.9408,,,
9018373,1,137779595.027,,,
9018376,1,94524040.0369,,,
9018571,1,270018809.573,21017050.0,21017050.0,spatial
9018725,1,581318790.7559999,,,
