,GeoglowsID,Order,StationID,AssignedID,AssignmentReason
0,9000266,4,,,
1,9000288,1,,,
2,9000289,1,,,
3,9000294,1,,,
4,9000296,3,,,
5,9000297,2,,,
6,9000300,4,,,
7,9000313,4,,,
8,9000315,2,,,
9,9000317,1,,,
10,9000327,3,,,
11,9000333,1,,,
12,9000334,6,,,
13,9000336,1,,,
14,9000338,6,,,
15,9000344,1,,,
16,9000345,4,,,
17,9000346,1,,21237010.0,SpatiallyClusteredwArea
18,9000347,1,,21237010.0,SpatiallyClusteredwArea
19,9000348,4,,,
20,9000351,1,,,
21,9000359,3,,,
22,9000364,2,,29067050.0,Propagation-2
23,9000365,2,,29067010.0,Propagation-4
24,9000366,1,,,
25,9000371,1,,,
26,9000374,1,,,
27,9000375,1,,,
28,9000376,1,,,
29,9000390,2,,,
30,9000391,3,,,
31,9000394,6,,,
32,9000395,2,,,
33,9000396,2,,29067010.0,Propagation-3
34,9000399,6,,,
35,9000400,1,29067050.0,29067050.0,spatial
36,9000407,1,,,
37,9000411,1,,,
38,9000412,1,,,
39,9000413,1,,,
40,9000415,1,,,
41,9000416,1,,21237010.0,SpatiallyClusteredwArea
42,9000417,1,,21237010.0,SpatiallyClusteredwArea
43,9000425,3,,,
44,9000430,1,,,
45,9000432,1,,21237010.0,SpatiallyClusteredwArea
46,9000433,2,28017080.0,21237010.0,SpatiallyClusteredwArea
47,9000435,2,,,
48,9000437,1,,21237010.0,SpatiallyClusteredwArea
49,9000438,2,,21237010.0,SpatiallyClusteredwArea
50,9000442,1,,,
51,9000449,1,,,
52,9000454,1,,,
53,9000455,1,,,
54,9000464,2,,29067010.0,Propagation-2
55,9000465,1,,21237010.0,SpatiallyClusteredwArea
56,9000468,1,,,
57,9000469,2,,21237010.0,SpatiallyClusteredwArea
58,9000473,1,,,
59,9000474,1,,,
60,9000477,2,,29067150.0,Propagation-2
61,9000480,3,,,
62,9000481,1,,,
63,9000482,1,,,
64,9000484,1,,,
65,9000487,2,,28017080.0,Propagation-3
66,9000488,2,,21237010.0,SpatiallyClusteredwArea
67,9000489,1,,21237010.0,SpatiallyClusteredwArea
68,9000490,2,28017110.0,21237010.0,SpatiallyClusteredwArea
69,9000494,1,,,
70,9000506,3,,,
71,9000508,2,29067010.0,29067010.0,spatial
72,9000526,3,,29067150.0,Propagation-2
73,9000530,2,,,
74,9000533,6,,,
75,9000534,2,,21237010.0,SpatiallyClusteredwArea
76,9000535,2,,28017080.0,Propagation-4
77,9000536,2,,21237010.0,SpatiallyClusteredwArea
78,9000543,2,,,
79,9000544,3,,,
80,9000545,2,29067150.0,29067150.0,spatial
81,9000545,2,29067130.0,29067130.0,spatial
82,9000546,1,,,
83,9000549,1,,,
84,9000552,1,,,
85,9000556,3,,21237010.0,SpatiallyClusteredwArea
86,9000557,1,,,
87,9000559,1,,,
88,9000573,1,,,
89,9000590,3,,29067120.0,Propagation-2
90,9000594,1,,,
91,9000595,6,,,
92,9000605,1,,,
93,9000606,2,,,
94,9000611,1,,,
95,9000612,6,,,
96,9000613,3,,21237010.0,SpatiallyClusteredwArea
97,9000615,1,,,
98,9000616,1,,,
99,9000637,1,,,
100,9000639,2,29067120.0,29067120.0,spatial
101,9000640,1,,,
102,9000643,6,,,
103,9000649,1,,,
104,9000650,3,,28037030.0,Propagation-4
105,9000651,2,,29067120.0,Propagation-1
106,9000652,1,,,
107,9000655,1,,,
108,9000656,2,,,
109,9000657,1,,,
110,9000658,3,,,
111,9000667,2,,,
112,9000673,2,,,
113,9000675,2,,,
114,9000678,2,28017050.0,28017050.0,spatial
115,9000679,3,,28037030.0,Propagation-2
116,9000687,1,,,
117,9000688,1,,,
118,9000690,1,,,
119,9000692,1,,,
120,9000693,1,,,
121,9000694,1,,,
122,9000695,1,,,
123,9000700,2,,29067120.0,Propagation-2
124,9000709,1,,,
125,9000718,1,,,
126,9000724,1,,,
127,9000727,1,,,
128,9000731,2,,28047010.0,Propagation-1
129,9000733,6,,29037020.0,Propagation-4
130,9000735,1,,,
131,9000739,1,,,
132,9000743,3,28037030.0,28037030.0,spatial
133,9000746,2,,,
134,9000749,1,,,
135,9000750,1,,,
136,9000753,3,,28037030.0,Propagation-2
137,9000754,1,,,
138,9000765,1,,,
139,9000766,1,,,
140,9000769,1,,,
141,9000770,3,,28037030.0,Propagation-3
142,9000772,3,,28037030.0,Propagation-4
143,9000774,1,,,
144,9000776,1,,,
145,9000777,1,,,
146,9000779,2,,,
147,9000788,1,,,
148,9000796,6,,29037020.0,Propagation-3
149,9000809,1,,,
150,9000811,3,,,
151,9000817,2,,,
152,9000819,1,,,
153,9000820,2,,,
154,9000821,1,,,
155,9000826,2,,,
156,9000827,6,,29037020.0,Propagation-2
157,9000828,1,,,
158,9000840,1,,,
159,9000841,3,,,
160,9000847,2,,,
161,9000855,2,28047010.0,28047010.0,spatial
162,9000856,1,28047040.0,28047040.0,spatial
163,9000859,1,,,
164,9000868,1,,,
165,9000872,1,,,
166,9000895,1,,,
167,9000896,6,29037020.0,29037020.0,spatial
168,9000909,1,,,
169,9000911,2,,28047010.0,Propagation-2
170,9000913,1,,,
171,9000948,2,,,
172,9000949,3,,,
173,9000960,6,,29037020.0,Propagation-1
174,9000963,1,,,
175,9000964,6,,29037020.0,Propagation-2
176,9000970,1,,,
177,9000975,2,,,
178,9000976,1,,,
179,9000978,1,,,
180,9000999,3,,,
181,9001009,2,,,
182,9001010,1,,,
183,9001011,2,28037130.0,28037130.0,spatial
184,9001012,1,,,
185,9001022,1,,,
186,9001032,1,,,
187,9001033,1,,,
188,9001039,6,,,
189,9001040,1,,,
190,9001046,6,,,
191,9001047,6,,,
192,9001049,1,,,
193,9001055,2,,,
194,9001056,1,,,
195,9001064,2,,28047010.0,Propagation-3
196,9001065,1,,,
197,9001089,2,,28037130.0,Propagation-2
198,9001090,1,,,
199,9001120,1,,,
200,9001123,1,,,
201,9001124,3,,,
202,9001128,1,,,
203,9001129,2,,,
204,9001130,1,,,
205,9001133,2,,,
206,9001139,1,,,
207,9001140,2,,28037130.0,Propagation-3
208,9001146,3,,,
209,9001153,1,,,
210,9001154,6,,,
211,9001155,2,,,
212,9001171,1,,,
213,9001176,1,,,
214,9001177,1,,,
215,9001182,2,,28037130.0,Propagation-4
216,9001183,3,,,
217,9001186,6,,29017010.0,Propagation-4
218,9001189,1,,,
219,9001199,2,,,
220,9001200,1,,,
221,9001202,2,,,
222,9001206,2,,,
223,9001207,1,,,
224,9001208,2,,,
225,9001209,6,,29017010.0,Propagation-3
226,9001210,2,,,
227,9001213,1,,,
228,9001214,3,,,
229,9001215,1,,,
230,9001217,1,,,
231,9001218,1,,,
232,9001219,3,,28047050.0,Propagation-1
233,9001222,3,,28047050.0,Propagation-2
234,9001223,2,,28047010.0,Propagation-4
235,9001224,1,,,
236,9001237,1,,,
237,9001239,1,,,
238,9001242,6,,29017010.0,Propagation-2
239,9001243,3,,28047050.0,Propagation-4
240,9001245,3,,,
241,9001246,2,,,
242,9001279,1,,,
243,9001280,1,28037060.0,28037060.0,spatial
244,9001281,3,,,
245,9001285,1,,,
246,9001286,1,,,
247,9001287,2,,,
248,9001290,1,,,
249,9001331,2,,,
250,9001332,1,,,
251,9001333,1,,,
252,9001336,3,28047050.0,28047050.0,spatial
253,9001353,6,29017010.0,29017010.0,spatial
254,9001358,1,,,
255,9001370,2,,,
256,9001371,1,,,
257,9001383,2,,,
258,9001387,1,,,
259,9001388,2,,,
260,9001390,6,,,
261,9001395,1,,,
262,9001396,3,,28037060.0,Propagation-2
263,9001400,1,,,
264,9001417,1,,,
265,9001418,6,,29017010.0,Propagation-4
266,9001419,2,,,
267,9001423,1,,,
268,9001424,1,,,
269,9001432,1,,,
270,9001433,1,,,
271,9001434,2,,,
272,9001456,1,,,
273,9001457,2,,,
274,9001458,3,,28047050.0,Propagation-2
275,9001460,6,,,
276,9001461,1,,,
277,9001462,1,,,
278,9001465,2,,,
279,9001466,1,,,
280,9001467,3,,,
281,9001474,2,,28027050.0,Propagation-2
282,9001489,2,,,
283,9001490,3,,28027050.0,Propagation-3
284,9001494,3,,28047050.0,Propagation-3
285,9001498,1,,,
286,9001503,2,,,
287,9001504,4,,,
288,9001505,1,,,
289,9001518,1,,,
290,9001519,1,,,
291,9001524,1,,,
292,9001525,2,,,
293,9001526,1,,,
294,9001529,1,,,
295,9001530,1,,,
296,9001539,6,,29017010.0,Propagation-1
297,9001541,1,,,
298,9001556,2,,28027050.0,Propagation-2
299,9001557,1,,,
300,9001569,2,28027050.0,28027050.0,spatial
301,9001579,1,,,
302,9001595,1,,,
303,9001602,2,,,
304,9001610,2,,,
305,9001618,3,,28047050.0,Propagation-4
306,9001619,2,,,
307,9001627,1,,,
308,9001631,1,,,
309,9001632,2,,,
310,9001643,3,,,
311,9001653,1,,,
312,9001662,1,,,
313,9001663,1,,,
314,9001672,1,,,
315,9001681,1,,,
316,9001694,2,,,
317,9001696,3,,,
318,9001697,4,,,
319,9001706,2,,,
320,9001729,2,,,
321,9001731,1,,,
322,9001737,1,,,
323,9001738,2,,,
324,9001741,2,,,
325,9001742,4,,,
326,9001748,2,,,
327,9001754,2,,,
328,9001755,2,,,
329,9001765,1,,,
330,9001766,2,,,
331,9001769,1,,,
332,9001771,1,,,
333,9001774,1,,,
334,9001784,2,,,
335,9001787,1,,,
336,9001789,2,,,
337,9001791,4,,,
338,9001804,2,,,
339,9001805,1,,,
340,9001811,1,,,
341,9001826,1,,,
342,9001829,1,,,
343,9001831,4,,,
344,9001835,1,,,
345,9001837,1,,,
346,9001850,6,,25027680.0,Propagation-3
347,9001858,1,,,
348,9001859,1,,,
349,9001877,6,,25027680.0,Propagation-2
350,9001890,4,,,
351,9001893,4,,,
352,9001902,4,,,
353,9001903,1,,,
354,9001905,1,,,
355,9001915,3,,,
356,9001924,3,,,
357,9001926,4,,,
358,9001928,1,,,
359,9001936,1,,,
360,9001937,2,,,
361,9001941,3,,,
362,9001942,2,,,
363,9001947,1,,,
364,9001948,3,,,
365,9001957,1,,,
366,9001958,2,,,
367,9001959,4,,,
368,9001960,2,,,
369,9001961,2,,,
370,9001962,1,,,
371,9001967,3,,,
372,9001970,1,,,
373,9001997,4,,,
374,9001998,2,,,
375,9002013,1,,,
376,9002022,1,,,
377,9002033,1,,,
378,9002049,1,,,
379,9002054,1,,,
380,9002055,2,,,
381,9002056,1,,,
382,9002110,2,,,
383,9002113,4,,,
384,9002114,1,,,
385,9002119,4,,,
386,9002126,1,,,
387,9002131,2,,,
388,9002136,1,,,
389,9002137,2,,,
390,9002152,4,,,
391,9002156,1,,,
392,9002157,1,,,
393,9002167,3,,,
394,9002175,1,,,
395,9002176,1,,,
396,9002182,2,,,
397,9002184,1,,,
398,9002185,6,25027680.0,25027680.0,spatial
399,9002186,1,,,
400,9002187,4,,,
401,9002198,2,,,
402,9002203,2,,,
403,9002205,1,,,
404,9002206,3,,,
405,9002207,2,,,
406,9002220,2,,,
407,9002222,1,,,
408,9002230,1,,,
409,9002231,1,,,
410,9002233,1,,,
411,9002234,1,,,
412,9002238,6,,,
413,9002244,2,,,
414,9002250,1,25027690.0,25027690.0,spatial
415,9002255,2,,,
416,9002256,1,,,
417,9002268,1,,,
418,9002284,1,,,
419,9002285,4,,,
420,9002292,2,,,
421,9002293,1,,,
422,9002296,1,,,
423,9002301,1,,,
424,9002304,2,,,
425,9002305,2,,,
426,9002307,1,,,
427,9002321,6,,25027930.0,Propagation-4
428,9002322,2,,25027690.0,Propagation-2
429,9002323,1,,,
430,9002324,2,,,
431,9002358,1,,,
432,9002359,4,,,
433,9002362,1,,,
434,9002363,2,,,
435,9002367,1,,,
436,9002368,1,,,
437,9002375,4,,,
438,9002376,2,,,
439,9002378,2,,,
440,9002399,1,,,
441,9002405,4,,,
442,9002407,6,,25027680.0,Propagation-1
443,9002415,6,,25027930.0,Propagation-2
444,9002416,1,,,
445,9002424,1,,,
446,9002437,1,,,
447,9002440,2,,,
448,9002444,2,,,
449,9002459,1,,,
450,9002460,1,,,
451,9002476,1,,,
452,9002477,2,,,
453,9002484,1,,,
454,9002495,2,,,
455,9002496,4,,,
456,9002504,1,,,
457,9002516,1,,,
458,9002518,4,,,
459,9002521,4,,,
460,9002527,2,,,
461,9002528,1,,,
462,9002529,1,,,
463,9002565,5,25027020.0,25027020.0,spatial
464,9002567,2,,,
465,9002573,1,,,
466,9002574,2,,,
467,9002597,1,,,
468,9002605,6,25027930.0,25027930.0,spatial
469,9002605,6,25027530.0,25027530.0,spatial
470,9002606,1,,,
471,9002607,5,25027490.0,25027490.0,spatial
472,9002614,1,,,
473,9002617,2,,,
474,9002618,1,,,
475,9002623,4,,,
476,9002630,1,,,
477,9002631,2,,,
478,9002636,2,,,
479,9002637,4,,,
480,9002639,1,,,
481,9002650,1,,,
482,9002654,6,,25027930.0,Propagation-2
483,9002660,1,,,
484,9002663,5,,25027360.0,Propagation-3
485,9002664,5,,25027360.0,Propagation-2
486,9002666,1,,,
487,9002669,5,25027360.0,25027360.0,spatial
488,9002670,2,,,
489,9002677,1,,,
490,9002684,5,,,
491,9002685,1,,,
492,9002686,2,,,
493,9002690,1,,,
494,9002704,4,,,
495,9002709,4,,,
496,9002715,2,,,
497,9002717,1,,,
498,9002718,2,,,
499,9002720,5,,25027490.0,Propagation-2
500,9002745,1,,,
501,9002748,1,,,
502,9002753,2,,,
503,9002764,5,,25027490.0,Propagation-4
504,9002765,1,,,
505,9002766,5,25027330.0,25027330.0,spatial
506,9002767,1,,,
507,9002771,1,,,
508,9002776,2,,,
509,9002779,5,,,
510,9002785,1,,,
511,9002794,5,,25027490.0,Propagation-3
512,9002807,1,,,
513,9002808,2,,,
514,9002810,1,,,
515,9002814,4,,,
516,9002816,2,,,
517,9002817,2,,,
518,9002832,1,,,
519,9002834,1,,,
520,9002847,2,,,
521,9002854,5,,25027410.0,Propagation-4
522,9002858,1,,,
523,9002863,1,,,
524,9002868,1,,,
525,9002869,1,,,
526,9002870,1,,,
527,9002871,5,,25027410.0,Propagation-3
528,9002872,2,,,
529,9002874,1,,,
530,9002882,4,,,
531,9002886,1,,,
532,9002894,2,,,
533,9002895,1,,,
534,9002913,1,,,
535,9002926,2,,,
536,9002932,1,,,
537,9002933,5,,25027410.0,Propagation-2
538,9002939,2,,,
539,9002948,2,,,
540,9002950,1,,,
541,9002953,5,25027410.0,25027410.0,spatial
542,9002962,1,,,
543,9002965,2,,,
544,9002981,1,,,
545,9002982,1,,,
546,9002985,1,,,
547,9002987,1,,,
548,9002988,5,25027640.0,25027640.0,spatial
549,9002993,4,,,
550,9002995,2,,,
551,9002997,1,,,
552,9003002,4,,,
553,9003007,3,,,
554,9003011,2,,,
555,9003012,3,,,
556,9003015,2,,,
557,9003016,1,,,
558,9003019,1,,,
559,9003020,1,,,
560,9003024,1,,,
561,9003058,2,,,
562,9003068,2,,,
563,9003083,2,,,
564,9003091,5,,25027200.0,Propagation-3
565,9003094,2,,,
566,9003095,3,,,
567,9003102,1,,,
568,9003111,3,,,
569,9003114,2,,,
570,9003126,1,,,
571,9003127,2,,,
572,9003137,2,,,
573,9003139,1,,,
574,9003151,2,,,
575,9003152,3,,,
576,9003156,2,,,
577,9003157,1,,,
578,9003161,4,,,
579,9003171,1,,,
580,9003176,1,,,
581,9003185,1,,,
582,9003186,1,,,
583,9003189,1,,,
584,9003204,1,,,
585,9003209,5,,,
586,9003215,1,,,
587,9003237,1,,,
588,9003238,3,,,
589,9003245,5,,,
590,9003246,1,,,
591,9003247,3,,,
592,9003248,2,,,
593,9003253,1,,,
594,9003256,1,,,
595,9003269,2,,,
596,9003270,1,,,
597,9003284,1,,,
598,9003300,5,,25027640.0,Propagation-1
599,9003315,1,,,
600,9003316,5,,,
601,9003331,3,,,
602,9003332,3,,,
603,9003339,1,,,
604,9003340,3,,,
605,9003342,4,,25027120.0,Propagation-2
606,9003344,1,,,
607,9003368,1,,,
608,9003374,1,,,
609,9003375,1,,,
610,9003378,5,,,
611,9003386,1,,,
612,9003393,1,,,
613,9003396,3,,,
614,9003397,5,25027200.0,25027200.0,spatial
615,9003408,1,,,
616,9003409,3,,,
617,9003442,1,,,
618,9003448,2,,,
619,9003458,2,,,
620,9003459,2,,,
621,9003460,1,,,
622,9003476,3,,,
623,9003477,2,,,
624,9003495,5,,25027200.0,Propagation-2
625,9003496,1,,,
626,9003498,1,,,
627,9003499,1,,,
628,9003508,2,25027910.0,25027910.0,spatial
629,9003512,2,,,
630,9003514,1,,,
631,9003526,1,,,
632,9003528,1,,,
633,9003532,2,,,
634,9003537,5,,25027020.0,Propagation-3
635,9003540,1,,,
636,9003541,5,,23217030.0,Propagation-3
637,9003548,3,,,
638,9003551,1,,,
639,9003559,1,,,
640,9003562,1,,,
641,9003563,1,,,
642,9003571,5,,25027270.0,Propagation-3
643,9003581,5,,23217030.0,Propagation-2
644,9003615,1,,,
645,9003620,1,,,
646,9003630,2,,,
647,9003631,3,25027120.0,25027120.0,spatial
648,9003649,1,,,
649,9003677,5,,25027270.0,Propagation-2
650,9003684,1,,,
651,9003690,1,,,
652,9003691,1,,,
653,9003692,5,23217030.0,23217030.0,spatial
654,9003705,1,,,
655,9003713,1,,,
656,9003714,1,,,
657,9003715,2,,,
658,9003724,1,,,
659,9003732,1,,,
660,9003739,2,,,
661,9003740,3,,,
662,9003743,1,,,
663,9003753,2,,,
664,9003754,3,,,
665,9003762,5,,23187280.0,Propagation-4
666,9003763,1,,,
667,9003766,1,,,
668,9003780,1,,,
669,9003786,5,25027270.0,25027270.0,spatial
670,9003800,3,,25017010.0,Propagation-4
671,9003802,1,,,
672,9003811,1,,,
673,9003823,1,,,
674,9003825,4,,27037010.0,Propagation-2
675,9003829,1,,,
676,9003831,3,,,
677,9003856,3,,,
678,9003866,2,,,
679,9003867,2,,,
680,9003876,3,,25027120.0,Propagation-1
681,9003881,1,,,
682,9003882,1,,,
683,9003891,1,,,
684,9003903,2,,,
685,9003910,1,,,
686,9003919,1,,,
687,9003920,4,,,
688,9003926,1,,,
689,9003930,1,,,
690,9003934,1,,,
691,9003935,4,,26247020.0,Propagation-2
692,9003936,4,25027050.0,25027050.0,spatial
693,9003940,2,,,
694,9003945,2,,,
695,9003948,3,,25027120.0,Propagation-2
696,9003949,1,,,
697,9003986,2,,,
698,9003990,4,,,
699,9003991,1,,,
700,9003994,1,,,
701,9003997,1,,,
702,9003998,3,25017010.0,25017010.0,spatial
703,9003999,2,,,
704,9004014,4,27037010.0,27037010.0,spatial
705,9004015,2,,,
706,9004016,4,,,
707,9004017,2,,,
708,9004026,4,26247020.0,26247020.0,spatial
709,9004028,3,,25017010.0,Propagation-2
710,9004029,1,,,
711,9004033,1,,,
712,9004053,3,,25017010.0,Propagation-3
713,9004056,3,,25017010.0,Propagation-1
714,9004062,1,,,
715,9004063,2,,26247010.0,Propagation-2
716,9004066,5,,23187280.0,Propagation-3
717,9004070,4,,27037010.0,Propagation-1
718,9004071,1,,,
719,9004073,1,,,
720,9004089,4,,,
721,9004092,2,,,
722,9004093,1,,,
723,9004096,2,,,
724,9004098,1,,,
725,9004103,2,,,
726,9004107,2,,,
727,9004119,1,,,
728,9004125,1,,,
729,9004160,1,,,
730,9004167,2,,,
731,9004173,1,,,
732,9004182,4,,23197370.0,Propagation-4
733,9004197,2,,,
734,9004211,5,,23187280.0,Propagation-2
735,9004216,1,,,
736,9004225,2,,,
737,9004233,1,,,
738,9004239,1,,,
739,9004245,1,,,
740,9004256,1,,,
741,9004257,1,,,
742,9004275,1,,,
743,9004281,3,,,
744,9004282,1,,,
745,9004284,1,,,
746,9004286,4,,23197370.0,Propagation-3
747,9004300,3,,,
748,9004302,1,,,
749,9004303,3,,,
750,9004309,3,,,
751,9004310,1,,,
752,9004311,1,,,
753,9004317,1,,,
754,9004318,3,,,
755,9004322,2,25017020.0,25017020.0,spatial
756,9004326,2,,,
757,9004328,1,,,
758,9004355,5,23187280.0,23187280.0,spatial
759,9004378,1,,,
760,9004382,1,,,
761,9004400,4,,,
762,9004401,1,,,
763,9004411,1,,,
764,9004412,1,,,
765,9004417,2,26247010.0,26247010.0,spatial
766,9004418,1,,,
767,9004429,1,,,
768,9004437,2,,,
769,9004439,1,,,
770,9004443,4,,,
771,9004444,1,,,
772,9004448,2,,,
773,9004449,2,,,
774,9004452,2,,,
775,9004455,2,,,
776,9004456,4,,27037010.0,Propagation-3
777,9004463,2,,,
778,9004464,2,,,
779,9004469,2,,,
780,9004473,2,,,
781,9004493,4,,,
782,9004496,1,,,
783,9004497,2,,,
784,9004506,1,,,
785,9004509,1,,,
786,9004515,1,,,
787,9004521,1,,,
788,9004522,1,,,
789,9004528,1,,,
790,9004533,1,,,
791,9004534,1,,,
792,9004553,4,,23197370.0,Propagation-2
793,9004561,1,,,
794,9004562,1,,,
795,9004571,1,,,
796,9004572,2,,,
797,9004578,1,,,
798,9004580,2,,,
799,9004587,1,,,
800,9004596,2,,,
801,9004600,2,,,
802,9004601,3,,,
803,9004607,1,,,
804,9004614,4,,,
805,9004623,4,,,
806,9004641,1,,,
807,9004648,2,,,
808,9004651,2,,,
809,9004662,1,,,
810,9004670,2,,,
811,9004674,1,,,
812,9004680,1,,,
813,9004688,4,,27037020.0,Propagation-2
814,9004698,1,,,
815,9004699,4,,26247030.0,Propagation-4
816,9004703,1,,,
817,9004708,1,,,
818,9004713,2,,,
819,9004715,4,,26247050.0,Propagation-2
820,9004731,1,,,
821,9004739,4,,26247030.0,Propagation-2
822,9004767,1,,,
823,9004778,1,,,
824,9004779,1,,,
825,9004806,1,,,
826,9004826,5,,23207040.0,Propagation-2
827,9004832,1,,,
828,9004838,1,,,
829,9004839,4,23197370.0,23197370.0,spatial
830,9004840,3,,,
831,9004845,3,,,
832,9004846,2,,,
833,9004854,1,,,
834,9004879,2,26247050.0,26247050.0,spatial
835,9004882,4,,27037030.0,Propagation-3
836,9004883,1,,,
837,9004884,1,,,
838,9004890,2,,26247050.0,Propagation-2
839,9004893,1,,,
840,9004894,1,,,
841,9004895,1,,,
842,9004902,4,,27037010.0,Propagation-2
843,9004903,1,,,
844,9004908,1,,,
845,9004914,1,,,
846,9004915,1,,,
847,9004916,1,,,
848,9004917,5,23207040.0,23207040.0,spatial
849,9004919,2,,,
850,9004923,2,,26247050.0,Propagation-3
851,9004929,1,,,
852,9004931,1,,,
853,9004934,3,27037020.0,27037020.0,spatial
854,9004941,4,,23197370.0,Propagation-3
855,9004942,1,,,
856,9004958,1,,,
857,9004963,4,26247030.0,26247030.0,spatial
858,9004964,3,,27037020.0,Propagation-2
859,9004965,1,,,
860,9004968,4,27037030.0,27037030.0,spatial
861,9004976,1,,,
862,9004977,2,,,
863,9004982,3,,27037020.0,Propagation-1
864,9004992,1,,,
865,9004995,4,,23197370.0,Propagation-1
866,9004998,2,,,
867,9005006,2,,,
868,9005012,1,,,
869,9005018,2,,,
870,9005022,4,,26237040.0,Propagation-4
871,9005025,2,,26247050.0,Propagation-1
872,9005026,1,,,
873,9005035,1,,,
874,9005037,1,,,
875,9005041,1,,,
876,9005044,5,,,
877,9005045,1,,,
878,9005047,2,,,
879,9005065,1,,,
880,9005069,1,,,
881,9005076,1,,,
882,9005077,4,,23197370.0,Propagation-4
883,9005080,1,,,
884,9005083,1,,,
885,9005086,3,,,
886,9005089,3,,,
887,9005090,2,,,
888,9005094,2,,,
889,9005096,3,,,
890,9005097,2,,,
891,9005099,3,,,
892,9005103,3,,,
893,9005109,1,,,
894,9005114,1,,,
895,9005115,1,,,
896,9005116,3,,,
897,9005121,1,,,
898,9005123,2,,,
899,9005125,1,,,
900,9005129,1,,,
901,9005140,1,,,
902,9005145,3,,,
903,9005147,1,,,
904,9005148,1,,,
905,9005149,3,,,
906,9005153,4,,26237040.0,Propagation-3
907,9005154,1,,,
908,9005155,1,,,
909,9005160,1,,,
910,9005167,5,,,
911,9005169,2,,,
912,9005174,1,,,
913,9005176,4,,,
914,9005194,1,,,
915,9005203,3,,23197290.0,Propagation-4
916,9005207,1,,,
917,9005212,2,,,
918,9005213,1,,,
919,9005218,1,,,
920,9005235,2,,,
921,9005253,2,,,
922,9005258,4,,26237040.0,Propagation-2
923,9005262,3,,,
924,9005269,3,,,
925,9005274,2,,23197700.0,Propagation-2
926,9005276,1,,,
927,9005281,1,,,
928,9005282,1,,,
929,9005283,1,,,
930,9005309,1,,,
931,9005322,4,26237040.0,26237040.0,spatial
932,9005323,3,,,
933,9005332,2,,,
934,9005356,2,,,
935,9005360,1,,,
936,9005366,1,,,
937,9005378,3,,23197290.0,Propagation-3
938,9005383,1,,,
939,9005397,1,23197130.0,23197130.0,spatial
940,9005418,5,,24067020.0,Propagation-3
941,9005419,3,,23197130.0,Propagation-2
942,9005421,1,,,
943,9005424,3,,,
944,9005427,1,,,
945,9005429,2,,,
946,9005432,1,,,
947,9005433,4,,26237050.0,Propagation-4
948,9005439,4,24067020.0,24067020.0,spatial
949,9005446,1,,,
950,9005447,4,,24067020.0,Propagation-2
951,9005459,1,,,
952,9005463,4,,,
953,9005466,2,,,
954,9005473,1,,,
955,9005476,3,23197290.0,23197290.0,spatial
956,9005481,2,,,
957,9005482,2,,,
958,9005494,4,,,
959,9005495,1,,,
960,9005496,2,23197700.0,23197700.0,spatial
961,9005502,1,,,
962,9005503,1,,,
963,9005513,2,,23197700.0,Propagation-2
964,9005520,1,,,
965,9005523,4,,,
966,9005538,2,,,
967,9005539,4,,26237050.0,Propagation-3
968,9005541,1,,,
969,9005552,1,,,
970,9005553,1,,,
971,9005556,1,,,
972,9005557,1,,,
973,9005574,1,,,
974,9005578,3,,,
975,9005586,2,,,
976,9005587,1,,,
977,9005602,3,,,
978,9005617,1,,,
979,9005618,3,,,
980,9005619,1,,,
981,9005631,3,,,
982,9005635,5,,23167010.0,SpatiallyClusteredwArea
983,9005640,1,,,
984,9005641,4,,26237050.0,Propagation-2
985,9005652,1,,,
986,9005656,1,,,
987,9005664,4,,24067020.0,Propagation-1
988,9005665,2,,23197690.0,Propagation-2
989,9005669,1,,,
990,9005670,3,,,
991,9005677,4,26237050.0,26237050.0,spatial
992,9005679,4,,,
993,9005680,1,,,
994,9005681,1,,,
995,9005683,1,,,
996,9005687,2,,,
997,9005688,1,,,
998,9005693,2,,,
999,9005699,4,,25027050.0,Propagation-2
1000,9005700,1,,,
1001,9005704,1,,,
1002,9005705,5,,23167010.0,SpatiallyClusteredwArea
1003,9005716,1,,,
1004,9005724,3,,,
1005,9005726,2,,,
1006,9005729,1,,,
1007,9005730,1,,,
1008,9005732,1,,,
1009,9005734,2,,,
1010,9005739,1,,,
1011,9005765,4,,,
1012,9005777,3,,,
1013,9005783,2,,26237110.0,Propagation-2
1014,9005784,1,,,
1015,9005788,3,,,
1016,9005789,3,,,
1017,9005794,1,,,
1018,9005795,2,,,
1019,9005797,2,,,
1020,9005798,5,,23167010.0,SpatiallyClusteredwArea
1021,9005802,2,,,
1022,9005803,1,,,
1023,9005810,3,,,
1024,9005817,1,,,
1025,9005820,1,,,
1026,9005828,1,,,
1027,9005835,1,,,
1028,9005836,5,,23167010.0,SpatiallyClusteredwArea
1029,9005849,3,,,
1030,9005858,1,,,
1031,9005867,1,23197690.0,23197690.0,spatial
1032,9005875,2,,27027060.0,Propagation-2
1033,9005876,1,,,
1034,9005895,5,23167010.0,23167010.0,SpatiallyClusteredwArea
1035,9005912,1,,,
1036,9005920,1,,,
1037,9005923,5,,23167010.0,SpatiallyClusteredwArea
1038,9005928,1,,,
1039,9005943,4,,,
1040,9005950,2,,,
1041,9005951,1,,,
1042,9005974,1,,,
1043,9005978,2,,,
1044,9005998,1,,,
1045,9006005,1,,,
1046,9006009,1,,,
1047,9006016,1,,,
1048,9006017,4,,24067020.0,Propagation-2
1049,9006018,1,,,
1050,9006033,1,27027060.0,27027060.0,spatial
1051,9006034,1,,,
1052,9006035,5,,23167010.0,SpatiallyClusteredwArea
1053,9006041,1,,,
1054,9006058,4,,26237100.0,Propagation-4
1055,9006068,1,,,
1056,9006069,2,,,
1057,9006076,3,23147040.0,23147040.0,spatial
1058,9006077,1,,,
1059,9006089,1,26237110.0,26237110.0,spatial
1060,9006095,5,,23167010.0,SpatiallyClusteredwArea
1061,9006098,3,,,
1062,9006101,3,,23147040.0,Propagation-2
1063,9006110,1,,,
1064,9006123,1,,,
1065,9006127,2,,,
1066,9006131,1,,,
1067,9006143,2,,,
1068,9006144,1,,,
1069,9006153,2,,,
1070,9006154,1,,,
1071,9006193,1,,,
1072,9006204,5,,23167010.0,SpatiallyClusteredwArea
1073,9006223,4,,26237100.0,Propagation-3
1074,9006237,2,,,
1075,9006238,1,,,
1076,9006242,1,,,
1077,9006249,1,,,
1078,9006262,1,,,
1079,9006265,3,,23147020.0,Propagation-2
1080,9006268,4,,24037360.0,Propagation-3
1081,9006272,1,,,
1082,9006273,1,,,
1083,9006274,2,,,
1084,9006276,2,23107040.0,23107040.0,spatial
1085,9006287,2,,,
1086,9006295,3,,,
1087,9006298,1,,,
1088,9006303,1,,,
1089,9006306,5,,23097030.0,SpatiallyClusteredwArea
1090,9006307,1,,,
1091,9006334,1,,,
1092,9006340,3,,24037360.0,Propagation-2
1093,9006343,1,,,
1094,9006345,1,,,
1095,9006346,3,24037360.0,24037360.0,spatial
1096,9006357,3,23147020.0,23147020.0,spatial
1097,9006369,2,,,
1098,9006372,3,,23107040.0,Propagation-2
1099,9006373,5,,23097030.0,SpatiallyClusteredwArea
1100,9006380,1,,,
1101,9006394,3,,23107020.0,Propagation-1
1102,9006402,2,,,
1103,9006411,1,,,
1104,9006412,2,,23107030.0,Propagation-3
1105,9006413,1,,,
1106,9006414,4,,,
1107,9006421,1,,,
1108,9006422,2,,,
1109,9006425,1,,,
1110,9006429,1,,,
1111,9006432,4,,24067020.0,Propagation-3
1112,9006440,3,,,
1113,9006441,1,,,
1114,9006446,1,,,
1115,9006447,1,,,
1116,9006455,1,,,
1117,9006461,1,,,
1118,9006464,1,,,
1119,9006466,1,,,
1120,9006468,5,,23097030.0,SpatiallyClusteredwArea
1121,9006474,1,,,
1122,9006475,3,23107020.0,23107020.0,spatial
1123,9006485,4,,26237100.0,Propagation-2
1124,9006486,1,,,
1125,9006500,2,,23107030.0,Propagation-2
1126,9006506,2,,23107030.0,Propagation-1
1127,9006507,2,23107030.0,23107030.0,spatial
1128,9006510,2,,,
1129,9006529,4,,24067020.0,Propagation-4
1130,9006530,1,,,
1131,9006532,1,,21237010.0,SpatiallyClusteredwArea
1132,9006536,1,,,
1133,9006542,1,,,
1134,9006543,1,,,
1135,9006544,1,,,
1136,9006545,1,,,
1137,9006546,2,,,
1138,9006548,1,,,
1139,9006558,5,,23097030.0,SpatiallyClusteredwArea
1140,9006561,1,,,
1141,9006568,3,,,
1142,9006569,1,,,
1143,9006570,3,,23107020.0,Propagation-2
1144,9006571,3,,23107020.0,Propagation-3
1145,9006584,1,,,
1146,9006586,3,23127050.0,23127050.0,spatial
1147,9006588,1,,,
1148,9006595,2,,,
1149,9006604,1,,,
1150,9006606,1,,,
1151,9006610,1,,,
1152,9006611,2,,,
1153,9006619,3,,24037360.0,Propagation-3
1154,9006628,1,,,
1155,9006629,1,,,
1156,9006630,2,,,
1157,9006635,1,,,
1158,9006636,1,,,
1159,9006640,2,,,
1160,9006644,3,,,
1161,9006654,1,,,
1162,9006660,3,,24037370.0,Propagation-2
1163,9006665,3,,24037390.0,Propagation-3
1164,9006666,3,,24037390.0,Propagation-2
1165,9006669,3,,23127020.0,Propagation-2
1166,9006670,1,,,
1167,9006672,5,,23097030.0,SpatiallyClusteredwArea
1168,9006694,3,,23147020.0,Propagation-3
1169,9006698,4,26237100.0,26237100.0,spatial
1170,9006702,1,,,
1171,9006704,1,,,
1172,9006709,1,,,
1173,9006710,1,,,
1174,9006713,4,,26237020.0,Propagation-2
1175,9006716,1,,,
1176,9006721,2,26217010.0,26217010.0,spatial
1177,9006723,4,,26237100.0,Propagation-2
1178,9006724,4,,24027010.0,Propagation-3
1179,9006727,2,,,
1180,9006730,3,,24027010.0,Propagation-2
1181,9006740,2,,,
1182,9006742,1,,,
1183,9006750,1,,,
1184,9006754,1,,,
1185,9006759,1,,,
1186,9006761,1,,,
1187,9006769,2,,,
1188,9006770,3,,24017640.0,Propagation-2
1189,9006771,3,24027010.0,24027010.0,spatial
1190,9006777,1,,,
1191,9006778,2,,,
1192,9006779,2,24027040.0,24027040.0,spatial
1193,9006782,4,,26217050.0,Propagation-2
1194,9006783,1,,,
1195,9006784,2,,24027040.0,Propagation-2
1196,9006785,3,,23147020.0,Propagation-1
1197,9006786,3,,23147020.0,Propagation-2
1198,9006790,5,23097030.0,23097030.0,SpatiallyClusteredwArea
1199,9006799,3,,23147020.0,Propagation-4
1200,9006814,1,,,
1201,9006819,2,,21237010.0,SpatiallyClusteredwArea
1202,9006823,2,,,
1203,9006824,1,,,
1204,9006825,2,,21237010.0,SpatiallyClusteredwArea
1205,9006831,1,26237020.0,26237020.0,spatial
1206,9006835,3,24037390.0,21237010.0,SpatiallyClusteredwArea
1207,9006837,1,,,
1208,9006838,1,24037380.0,21237010.0,SpatiallyClusteredwArea
1209,9006838,1,24037040.0,21237010.0,SpatiallyClusteredwArea
1210,9006842,1,,,
1211,9006848,2,24037490.0,21237010.0,SpatiallyClusteredwArea
1212,9006851,3,24017640.0,24017640.0,spatial
1213,9006853,1,,,
1214,9006858,1,24027060.0,24027060.0,spatial
1215,9006861,2,,,
1216,9006871,1,,,
1217,9006882,1,,,
1218,9006888,2,,,
1219,9006893,3,23127020.0,23127020.0,spatial
1220,9006894,1,,,
1221,9006899,2,,,
1222,9006906,2,,,
1223,9006911,1,,,
1224,9006924,1,,21237010.0,SpatiallyClusteredwArea
1225,9006926,4,26217050.0,26217050.0,spatial
1226,9006931,1,23087160.0,23087160.0,spatial
1227,9006932,1,,,
1228,9006933,5,,23097030.0,SpatiallyClusteredwArea
1229,9006940,1,,,
1230,9006943,2,,23087160.0,Propagation-2
1231,9006945,1,,,
1232,9006959,1,,,
1233,9006960,3,,,
1234,9006967,3,,23127060.0,Propagation-2
1235,9006968,1,,,
1236,9006988,1,23087180.0,23087180.0,spatial
1237,9007003,1,,,
1238,9007004,1,,,
1239,9007010,1,,21237010.0,SpatiallyClusteredwArea
1240,9007019,1,,,
1241,9007025,2,24037370.0,24037370.0,spatial
1242,9007048,1,,,
1243,9007049,2,,,
1244,9007051,1,,,
1245,9007052,1,,,
1246,9007066,5,,23097030.0,SpatiallyClusteredwArea
1247,9007072,3,,21237010.0,SpatiallyClusteredwArea
1248,9007079,1,,,
1249,9007081,1,,,
1250,9007087,1,,21237010.0,SpatiallyClusteredwArea
1251,9007092,2,,,
1252,9007093,3,,24017570.0,Propagation-3
1253,9007096,3,,24017580.0,Propagation-4
1254,9007105,1,,,
1255,9007113,1,,,
1256,9007116,5,,23097040.0,SpatiallyClusteredwArea
1257,9007125,1,,,
1258,9007126,2,,,
1259,9007134,3,24027070.0,24027070.0,spatial
1260,9007140,1,,,
1261,9007141,1,,,
1262,9007145,2,,24027050.0,Propagation-2
1263,9007146,3,,21237010.0,SpatiallyClusteredwArea
1264,9007150,4,,,
1265,9007151,1,,,
1266,9007164,1,,,
1267,9007172,1,,,
1268,9007173,2,,24017580.0,Propagation-3
1269,9007176,1,,,
1270,9007180,1,,,
1271,9007182,2,24027050.0,24027050.0,spatial
1272,9007183,2,,24027050.0,Propagation-2
1273,9007191,1,,,
1274,9007198,5,,23097040.0,SpatiallyClusteredwArea
1275,9007203,1,,,
1276,9007218,2,,24017580.0,Propagation-2
1277,9007220,1,,,
1278,9007222,2,,,
1279,9007225,4,,,
1280,9007226,1,,,
1281,9007233,2,,23087260.0,Propagation-4
1282,9007238,3,23127060.0,23127060.0,spatial
1283,9007239,2,,23087180.0,Propagation-2
1284,9007255,3,23087210.0,23087210.0,spatial
1285,9007256,2,,,
1286,9007262,1,,,
1287,9007272,4,,,
1288,9007273,1,,,
1289,9007292,5,23097040.0,23097040.0,SpatiallyClusteredwArea
1290,9007297,1,,,
1291,9007305,3,,23087210.0,Propagation-2
1292,9007306,3,,21237010.0,SpatiallyClusteredwArea
1293,9007307,1,,21237010.0,SpatiallyClusteredwArea
1294,9007313,2,,21237010.0,SpatiallyClusteredwArea
1295,9007317,1,,,
1296,9007331,2,,21237010.0,SpatiallyClusteredwArea
1297,9007334,2,,,
1298,9007335,3,,23087210.0,Propagation-4
1299,9007336,1,,,
1300,9007337,3,,,
1301,9007342,2,,,
1302,9007343,1,,,
1303,9007348,1,,,
1304,9007352,5,,23097040.0,SpatiallyClusteredwArea
1305,9007356,1,23087670.0,23087670.0,spatial
1306,9007357,2,,21237010.0,SpatiallyClusteredwArea
1307,9007365,2,,,
1308,9007370,1,,,
1309,9007371,1,,,
1310,9007382,1,23087660.0,21237010.0,SpatiallyClusteredwArea
1311,9007383,1,,21237010.0,SpatiallyClusteredwArea
1312,9007386,3,,24017570.0,Propagation-2
1313,9007387,1,,,
1314,9007398,3,,23127050.0,Propagation-4
1315,9007407,1,,,
1316,9007415,2,23087260.0,21237010.0,SpatiallyClusteredwArea
1317,9007419,1,,,
1318,9007420,1,,,
1319,9007425,5,,23097040.0,SpatiallyClusteredwArea
1320,9007432,2,24017580.0,24017580.0,spatial
1321,9007440,1,,,
1322,9007442,2,24027030.0,24027030.0,spatial
1323,9007453,1,,,
1324,9007454,2,,,
1325,9007457,3,,23127020.0,Propagation-2
1326,9007459,1,,,
1327,9007464,2,,24027030.0,Propagation-1
1328,9007466,3,,21237010.0,SpatiallyClusteredwArea
1329,9007469,1,,21237010.0,SpatiallyClusteredwArea
1330,9007475,3,24017570.0,24017570.0,spatial
1331,9007479,2,,,
1332,9007480,1,,,
1333,9007481,1,,,
1334,9007484,1,,,
1335,9007485,2,,,
1336,9007490,4,,25027050.0,Propagation-1
1337,9007491,1,,,
1338,9007492,1,,,
1339,9007494,3,,23087210.0,Propagation-3
1340,9007502,4,,26207080.0,Propagation-3
1341,9007503,2,,,
1342,9007512,1,,,
1343,9007515,1,,,
1344,9007516,1,,21237010.0,SpatiallyClusteredwArea
1345,9007519,2,,21237010.0,SpatiallyClusteredwArea
1346,9007548,1,,,
1347,9007555,5,,23097040.0,SpatiallyClusteredwArea
1348,9007565,2,,,
1349,9007568,2,,,
1350,9007571,1,,21237010.0,SpatiallyClusteredwArea
1351,9007577,3,,21237010.0,SpatiallyClusteredwArea
1352,9007592,1,,21237010.0,SpatiallyClusteredwArea
1353,9007599,5,,23097040.0,SpatiallyClusteredwArea
1354,9007604,1,,,
1355,9007612,1,,,
1356,9007615,1,,,
1357,9007616,3,,23087210.0,Propagation-1
1358,9007623,1,,,
1359,9007635,1,,,
1360,9007636,2,,,
1361,9007655,1,,,
1362,9007656,1,,,
1363,9007657,1,,,
1364,9007661,1,,,
1365,9007666,2,,,
1366,9007669,1,,,
1367,9007676,1,,,
1368,9007677,1,,,
1369,9007682,4,,26207080.0,Propagation-2
1370,9007699,1,,,
1371,9007703,3,,21237010.0,SpatiallyClusteredwArea
1372,9007706,1,,21237010.0,SpatiallyClusteredwArea
1373,9007708,2,,,
1374,9007721,2,23077020.0,23077020.0,spatial
1375,9007727,2,,23077020.0,Propagation-2
1376,9007728,2,,24037410.0,Propagation-2
1377,9007729,3,,21237010.0,SpatiallyClusteredwArea
1378,9007737,1,,21237010.0,SpatiallyClusteredwArea
1379,9007740,1,,,
1380,9007749,1,,,
1381,9007763,1,,,
1382,9007769,1,,,
1383,9007770,1,24037410.0,24037410.0,spatial
1384,9007774,3,,24017590.0,Propagation-4
1385,9007779,4,26207080.0,26207080.0,spatial
1386,9007780,1,,,
1387,9007781,5,,23097040.0,SpatiallyClusteredwArea
1388,9007812,4,,26197030.0,Propagation-3
1389,9007813,1,,,
1390,9007821,2,,,
1391,9007822,1,,,
1392,9007823,3,23087190.0,23087190.0,spatial
1393,9007825,1,23087200.0,23087200.0,spatial
1394,9007826,1,,,
1395,9007827,2,,21237010.0,SpatiallyClusteredwArea
1396,9007832,3,24037510.0,21237010.0,SpatiallyClusteredwArea
1397,9007834,1,,,
1398,9007835,2,,,
1399,9007836,3,,21237010.0,SpatiallyClusteredwArea
1400,9007838,3,,21237010.0,SpatiallyClusteredwArea
1401,9007851,1,,,
1402,9007853,4,,26207030.0,Propagation-3
1403,9007854,1,,,
1404,9007856,1,,21237010.0,SpatiallyClusteredwArea
1405,9007858,1,,,
1406,9007859,5,,23097040.0,SpatiallyClusteredwArea
1407,9007866,3,,23087190.0,Propagation-1
1408,9007867,2,,,
1409,9007871,1,,,
1410,9007877,3,,23087210.0,Propagation-2
1411,9007878,2,,23087200.0,Propagation-2
1412,9007879,3,,23127050.0,Propagation-2
1413,9007903,1,,,
1414,9007904,2,,26197030.0,Propagation-2
1415,9007905,1,,,
1416,9007906,1,,,
1417,9007912,5,,23097040.0,SpatiallyClusteredwArea
1418,9007918,1,,,
1419,9007919,1,,,
1420,9007932,1,,,
1421,9007933,2,,,
1422,9007939,1,,,
1423,9007940,3,,24017570.0,Propagation-1
1424,9007944,3,,,
1425,9007946,3,,,
1426,9007950,1,,,
1427,9007952,1,,,
1428,9007954,2,,21237010.0,SpatiallyClusteredwArea
1429,9007966,5,,23037010.0,SpatiallyClusteredwArea
1430,9007967,1,,,
1431,9007980,1,,,
1432,9007981,2,,,
1433,9007985,2,,21237010.0,SpatiallyClusteredwArea
1434,9007996,1,,,
1435,9007997,2,,,
1436,9007998,3,24017590.0,21237010.0,SpatiallyClusteredwArea
1437,9008017,2,26197030.0,26197030.0,spatial
1438,9008018,1,,,
1439,9008021,1,,21237010.0,SpatiallyClusteredwArea
1440,9008026,1,,21237010.0,SpatiallyClusteredwArea
1441,9008029,1,,21237010.0,SpatiallyClusteredwArea
1442,9008041,2,,,
1443,9008044,1,,,
1444,9008050,4,,26207030.0,Propagation-2
1445,9008051,1,,,
1446,9008053,3,,,
1447,9008056,1,,,
1448,9008060,1,,,
1449,9008067,2,,,
1450,9008068,3,,21237010.0,SpatiallyClusteredwArea
1451,9008075,1,,,
1452,9008085,1,,,
1453,9008087,3,,,
1454,9008091,1,,,
1455,9008114,1,,,
1456,9008120,1,,,
1457,9008136,3,,21237010.0,SpatiallyClusteredwArea
1458,9008138,1,,,
1459,9008141,1,,,
1460,9008153,5,,23037010.0,SpatiallyClusteredwArea
1461,9008164,1,,,
1462,9008165,3,,21237010.0,SpatiallyClusteredwArea
1463,9008172,1,,,
1464,9008173,1,,,
1465,9008174,1,,,
1466,9008177,2,,21237010.0,SpatiallyClusteredwArea
1467,9008180,4,26207030.0,26207030.0,spatial
1468,9008185,2,,26197010.0,Propagation-3
1469,9008186,2,,21237010.0,SpatiallyClusteredwArea
1470,9008188,1,,,
1471,9008193,3,,23127020.0,Propagation-3
1472,9008199,2,,,
1473,9008203,1,,,
1474,9008205,1,,,
1475,9008216,1,,,
1476,9008218,4,,26187110.0,Propagation-3
1477,9008221,4,,23067020.0,Propagation-3
1478,9008223,3,24037290.0,21237010.0,SpatiallyClusteredwArea
1479,9008225,1,,21237010.0,SpatiallyClusteredwArea
1480,9008233,1,,,
1481,9008234,2,24037190.0,21237010.0,SpatiallyClusteredwArea
1482,9008237,1,,21237010.0,SpatiallyClusteredwArea
1483,9008238,2,24037130.0,21237010.0,SpatiallyClusteredwArea
1484,9008240,4,,26187110.0,Propagation-2
1485,9008242,1,,21237010.0,SpatiallyClusteredwArea
1486,9008257,1,,,
1487,9008261,1,,,
1488,9008280,2,,,
1489,9008286,3,,26187040.0,Propagation-2
1490,9008289,5,,23037010.0,SpatiallyClusteredwArea
1491,9008290,4,23067040.0,23067040.0,spatial
1492,9008292,2,,,
1493,9008293,1,,,
1494,9008298,3,,23127010.0,Propagation-4
1495,9008299,2,,,
1496,9008308,2,,26197010.0,Propagation-2
1497,9008309,5,,23037010.0,SpatiallyClusteredwArea
1498,9008322,2,,21237010.0,SpatiallyClusteredwArea
1499,9008331,3,23057140.0,23057140.0,spatial
1500,9008333,1,,,
1501,9008334,3,,23127010.0,Propagation-3
1502,9008340,2,,,
1503,9008341,5,,23037010.0,SpatiallyClusteredwArea
1504,9008343,1,,,
1505,9008345,1,,,
1506,9008357,1,,,
1507,9008364,1,,,
1508,9008365,2,24017600.0,21237010.0,SpatiallyClusteredwArea
1509,9008381,1,,,
1510,9008390,2,,26187040.0,Propagation-2
1511,9008391,1,,,
1512,9008394,1,,,
1513,9008396,1,24017740.0,21237010.0,SpatiallyClusteredwArea
1514,9008406,3,,21237010.0,SpatiallyClusteredwArea
1515,9008407,3,,23057140.0,Propagation-3
1516,9008411,1,,,
1517,9008412,1,,,
1518,9008413,2,26187040.0,26187040.0,spatial
1519,9008416,1,,,
1520,9008417,2,,,
1521,9008418,1,,,
1522,9008419,2,,21237010.0,SpatiallyClusteredwArea
1523,9008424,3,,23057140.0,Propagation-1
1524,9008425,2,,,
1525,9008426,3,,23127010.0,Propagation-2
1526,9008447,2,,21237010.0,SpatiallyClusteredwArea
1527,9008465,1,,,
1528,9008468,1,,,
1529,9008487,3,,24017590.0,Propagation-2
1530,9008503,2,24037030.0,21237010.0,SpatiallyClusteredwArea
1531,9008509,2,26197010.0,26197010.0,spatial
1532,9008519,1,,21237010.0,SpatiallyClusteredwArea
1533,9008522,1,,,
1534,9008530,1,,,
1535,9008531,1,,,
1536,9008544,2,,26197030.0,Propagation-1
1537,9008546,3,23127010.0,23127010.0,spatial
1538,9008562,1,,,
1539,9008568,1,,,
1540,9008573,1,,,
1541,9008576,3,,23127020.0,Propagation-1
1542,9008596,2,24017830.0,24017830.0,spatial
1543,9008608,1,,,
1544,9008619,2,,,
1545,9008620,2,,,
1546,9008624,1,,,
1547,9008638,2,,,
1548,9008645,4,,23067020.0,Propagation-2
1549,9008658,1,,,
1550,9008665,1,24037090.0,21237010.0,SpatiallyClusteredwArea
1551,9008667,1,24017620.0,21237010.0,SpatiallyClusteredwArea
1552,9008680,4,26187110.0,26187110.0,spatial
1553,9008681,1,,,
1554,9008682,2,,,
1555,9008684,1,,,
1556,9008694,1,24037120.0,21237010.0,SpatiallyClusteredwArea
1557,9008711,1,,,
1558,9008715,1,24037080.0,21237010.0,SpatiallyClusteredwArea
1559,9008732,1,,21237010.0,SpatiallyClusteredwArea
1560,9008733,2,,,
1561,9008750,5,,23037010.0,SpatiallyClusteredwArea
1562,9008775,1,,,
1563,9008784,5,,23037010.0,SpatiallyClusteredwArea
1564,9008805,1,,,
1565,9008806,1,,,
1566,9008811,2,,,
1567,9008812,1,,,
1568,9008819,3,,21237010.0,SpatiallyClusteredwArea
1569,9008842,3,,24017590.0,Propagation-4
1570,9008849,1,,,
1571,9008859,1,,,
1572,9008869,3,,24017590.0,Propagation-1
1573,9008874,2,,,
1574,9008875,1,,,
1575,9008884,1,,,
1576,9008885,2,,,
1577,9008894,1,,,
1578,9008907,4,,26207080.0,Propagation-2
1579,9008908,1,,,
1580,9008927,1,,,
1581,9008932,1,,,
1582,9008935,2,,26167090.0,Propagation-2
1583,9008936,1,,,
1584,9008951,1,,,
1585,9008960,4,23067020.0,23067020.0,spatial
1586,9008990,1,,,
1587,9008997,1,,,
1588,9009027,5,23037010.0,23037010.0,SpatiallyClusteredwArea
1589,9009036,1,,,
1590,9009042,2,,,
1591,9009063,3,,24017610.0,Propagation-2
1592,9009068,1,,,
1593,9009078,4,,,
1594,9009079,2,,21237010.0,SpatiallyClusteredwArea
1595,9009083,1,26177010.0,26177010.0,spatial
1596,9009084,4,,26177010.0,Propagation-2
1597,9009092,1,,,
1598,9009102,1,,,
1599,9009115,1,,,
1600,9009116,1,,,
1601,9009150,2,,,
1602,9009163,1,,,
1603,9009169,1,26167090.0,26167090.0,spatial
1604,9009180,1,,,
1605,9009184,1,,,
1606,9009186,1,,21237010.0,SpatiallyClusteredwArea
1607,9009198,2,,,
1608,9009213,2,24017610.0,21237010.0,SpatiallyClusteredwArea
1609,9009229,2,,24017150.0,Propagation-2
1610,9009238,1,24017150.0,24017150.0,spatial
1611,9009248,1,,,
1612,9009249,4,,26167070.0,Propagation-3
1613,9009262,1,,21237010.0,SpatiallyClusteredwArea
1614,9009269,5,,23037010.0,SpatiallyClusteredwArea
1615,9009290,1,,,
1616,9009291,1,,,
1617,9009310,4,,26167070.0,Propagation-2
1618,9009313,2,,26167060.0,Propagation-2
1619,9009338,1,,,
1620,9009341,1,,,
1621,9009342,1,,21237010.0,SpatiallyClusteredwArea
1622,9009362,1,,,
1623,9009363,1,,,
1624,9009364,4,26167070.0,26167070.0,spatial
1625,9009365,2,,,
1626,9009369,1,,,
1627,9009374,1,,,
1628,9009377,1,,,
1629,9009381,1,,,
1630,9009403,1,26147080.0,26147080.0,spatial
1631,9009418,1,,,
1632,9009419,2,23027060.0,23027060.0,spatial
1633,9009420,2,,23017060.0,Propagation-2
1634,9009429,2,26167060.0,26167060.0,spatial
1635,9009435,1,,,
1636,9009442,1,23017060.0,23017060.0,spatial
1637,9009472,5,,21237020.0,SpatiallyClusteredwArea
1638,9009479,5,,21237020.0,SpatiallyClusteredwArea
1639,9009481,2,23017090.0,23017090.0,spatial
1640,9009482,2,,,
1641,9009495,1,,,
1642,9009497,4,,23067050.0,Propagation-2
1643,9009500,4,,23067050.0,Propagation-3
1644,9009501,1,,,
1645,9009515,4,,,
1646,9009516,4,,23067050.0,Propagation-1
1647,9009521,4,23067050.0,23067050.0,spatial
1648,9009542,1,,,
1649,9009552,1,,,
1650,9009558,2,,,
1651,9009569,2,,23027060.0,Propagation-1
1652,9009580,1,,,
1653,9009585,4,,,
1654,9009592,1,,,
1655,9009603,2,,23027060.0,Propagation-3
1656,9009608,1,,,
1657,9009611,1,,21237010.0,SpatiallyClusteredwArea
1658,9009621,1,,,
1659,9009627,3,23067080.0,23067080.0,spatial
1660,9009650,4,,26157020.0,Propagation-2
1661,9009660,5,21237020.0,21237020.0,SpatiallyClusteredwArea
1662,9009661,1,,,
1663,9009680,1,,,
1664,9009688,4,,23067060.0,Propagation-2
1665,9009696,3,23067060.0,23067060.0,spatial
1666,9009728,2,26157020.0,26157020.0,spatial
1667,9009731,1,,21237010.0,SpatiallyClusteredwArea
1668,9009755,1,,,
1669,9009757,1,26157100.0,26157100.0,spatial
1670,9009758,2,23017040.0,23017040.0,spatial
1671,9009785,4,,,
1672,9009802,3,,23067070.0,Propagation-2
1673,9009805,1,,,
1674,9009811,1,,,
1675,9009831,1,,,
1676,9009832,2,,21237010.0,SpatiallyClusteredwArea
1677,9009833,1,,,
1678,9009836,2,,23017040.0,Propagation-1
1679,9009837,1,,,
1680,9009838,1,,,
1681,9009844,5,,21237020.0,SpatiallyClusteredwArea
1682,9009861,4,,26167070.0,Propagation-1
1683,9009872,1,,,
1684,9009906,2,,21237010.0,SpatiallyClusteredwArea
1685,9009918,1,,,
1686,9009924,1,,21237010.0,SpatiallyClusteredwArea
1687,9009928,1,,,
1688,9009936,2,21257070.0,21257070.0,spatial
1689,9009945,1,,,
1690,9009950,1,,21237010.0,SpatiallyClusteredwArea
1691,9009986,1,,,
1692,9009993,2,,,
1693,9009999,2,23067070.0,23067070.0,spatial
1694,9010004,1,,,
1695,9010033,2,,26157020.0,Propagation-2
1696,9010036,1,,,
1697,9010052,5,,21237020.0,SpatiallyClusteredwArea
1698,9010056,2,,26137230.0,Propagation-2
1699,9010062,3,,21237010.0,SpatiallyClusteredwArea
1700,9010077,2,26147140.0,26147140.0,spatial
1701,9010082,2,26147130.0,26147130.0,spatial
1702,9010090,1,,,
1703,9010091,1,,,
1704,9010110,5,,21237020.0,SpatiallyClusteredwArea
1705,9010120,3,,21237010.0,SpatiallyClusteredwArea
1706,9010134,1,,,
1707,9010149,2,,21257120.0,Propagation-2
1708,9010183,4,,26207080.0,Propagation-1
1709,9010186,2,,21237010.0,SpatiallyClusteredwArea
1710,9010195,1,26157200.0,26157200.0,spatial
1711,9010195,1,26157190.0,26157190.0,spatial
1712,9010208,1,21257120.0,21257120.0,spatial
1713,9010213,3,,26147140.0,Propagation-2
1714,9010224,1,,,
1715,9010225,3,,,
1716,9010231,1,,,
1717,9010239,4,26177030.0,26177030.0,spatial
1718,9010251,1,,21237010.0,SpatiallyClusteredwArea
1719,9010262,4,,26177030.0,Propagation-2
1720,9010273,1,,,
1721,9010290,1,,,
1722,9010294,1,,,
1723,9010296,1,,,
1724,9010297,1,26137230.0,26137230.0,spatial
1725,9010306,5,,21237020.0,SpatiallyClusteredwArea
1726,9010320,5,,21237020.0,SpatiallyClusteredwArea
1727,9010327,1,21257090.0,21257090.0,spatial
1728,9010345,3,,21207960.0,Propagation-4
1729,9010346,1,,,
1730,9010351,1,,,
1731,9010369,1,,,
1732,9010372,2,,21257100.0,Propagation-2
1733,9010379,1,,,
1734,9010388,2,,21257100.0,Propagation-3
1735,9010408,4,,26127040.0,Propagation-2
1736,9010417,1,,,
1737,9010427,3,,26107110.0,Propagation-2
1738,9010476,3,26107110.0,26107110.0,spatial
1739,9010484,1,,,
1740,9010485,3,,,
1741,9010517,4,26127040.0,26127040.0,spatial
1742,9010522,1,,,
1743,9010530,3,,26107070.0,Propagation-4
1744,9010535,1,,,
1745,9010551,1,,,
1746,9010560,2,21257100.0,21257100.0,spatial
1747,9010561,5,,21237020.0,SpatiallyClusteredwArea
1748,9010590,5,,21237010.0,SpatiallyClusteredwArea
1749,9010594,3,,21207960.0,Propagation-1
1750,9010597,4,,26177030.0,Propagation-1
1751,9010634,1,,,
1752,9010635,1,,,
1753,9010651,1,,,
1754,9010652,1,,,
1755,9010656,1,,,
1756,9010665,1,,,
1757,9010675,1,,,
1758,9010683,1,26137110.0,26137110.0,spatial
1759,9010767,1,,,
1760,9010768,1,,,
1761,9010825,1,21237040.0,21237040.0,spatial
1762,9010826,1,,,
1763,9010827,3,,,
1764,9010831,2,,,
1765,9010836,2,,,
1766,9010837,3,,,
1767,9010855,1,21247050.0,21247050.0,spatial
1768,9010857,3,,21247050.0,Propagation-2
1769,9010859,3,,,
1770,9010872,2,,,
1771,9010873,1,,,
1772,9010882,1,,,
1773,9010884,3,,21207960.0,Propagation-2
1774,9010885,1,,,
1775,9010888,3,,26107070.0,Propagation-3
1776,9010891,5,,21237010.0,SpatiallyClusteredwArea
1777,9010898,1,,,
1778,9010899,3,,,
1779,9010901,2,,,
1780,9010911,1,,,
1781,9010916,1,,,
1782,9010962,3,,26107070.0,Propagation-2
1783,9010974,1,,,
1784,9010981,4,,26127040.0,Propagation-1
1785,9011010,2,,21237040.0,Propagation-2
1786,9011013,1,,,
1787,9011017,5,,21237010.0,SpatiallyClusteredwArea
1788,9011018,1,,,
1789,9011057,3,,,
1790,9011070,1,,,
1791,9011100,5,,21237010.0,SpatiallyClusteredwArea
1792,9011101,2,,,
1793,9011103,1,,,
1794,9011120,1,,21237010.0,SpatiallyClusteredwArea
1795,9011121,1,,,
1796,9011135,2,,,
1797,9011151,1,,,
1798,9011157,3,26107070.0,26107070.0,spatial
1799,9011162,3,,21237010.0,SpatiallyClusteredwArea
1800,9011163,3,,,
1801,9011229,2,21227010.0,21227010.0,spatial
1802,9011238,1,,,
1803,9011249,1,,,
1804,9011256,1,,,
1805,9011268,1,,,
1806,9011270,2,,,
1807,9011276,4,,26127010.0,Propagation-2
1808,9011280,3,21207960.0,21237010.0,SpatiallyClusteredwArea
1809,9011282,1,,,
1810,9011293,1,,,
1811,9011303,3,,26107060.0,Propagation-2
1812,9011316,1,,,
1813,9011326,1,,,
1814,9011329,1,,,
1815,9011344,1,,,
1816,9011363,2,,21237010.0,SpatiallyClusteredwArea
1817,9011368,2,,21217270.0,Propagation-2
1818,9011402,4,26127010.0,26127010.0,spatial
1819,9011403,4,,26127010.0,Propagation-2
1820,9011406,1,,,
1821,9011411,1,,,
1822,9011419,3,21217120.0,21237010.0,SpatiallyClusteredwArea
1823,9011420,1,,,
1824,9011422,1,,,
1825,9011424,3,26107060.0,26107060.0,spatial
1826,9011430,2,,,
1827,9011431,2,,,
1828,9011432,1,21197110.0,21237010.0,SpatiallyClusteredwArea
1829,9011438,4,,26127010.0,Propagation-3
1830,9011455,3,,,
1831,9011472,1,,21237010.0,SpatiallyClusteredwArea
1832,9011476,1,,,
1833,9011539,1,,,
1834,9011551,3,,,
1835,9011562,1,,21237010.0,SpatiallyClusteredwArea
1836,9011589,1,,,
1837,9011607,1,21217270.0,21217270.0,spatial
1838,9011625,1,,,
1839,9011626,1,21217180.0,21237010.0,SpatiallyClusteredwArea
1840,9011632,3,,,
1841,9011651,3,,21207960.0,Propagation-2
1842,9011652,1,,,
1843,9011653,3,,,
1844,9011695,3,21217200.0,21237010.0,SpatiallyClusteredwArea
1845,9011702,2,,,
1846,9011703,1,,,
1847,9011704,1,,,
1848,9011707,5,21237010.0,21237010.0,SpatiallyClusteredwArea
1849,9011708,1,,,
1850,9011709,1,,21237010.0,SpatiallyClusteredwArea
1851,9011716,3,,21207960.0,Propagation-3
1852,9011722,2,,,
1853,9011728,1,,,
1854,9011730,3,21217070.0,21237010.0,SpatiallyClusteredwArea
1855,9011741,3,,21237010.0,SpatiallyClusteredwArea
1856,9011753,2,,,
1857,9011754,5,,21237010.0,SpatiallyClusteredwArea
1858,9011755,1,,21237010.0,SpatiallyClusteredwArea
1859,9011767,5,,21237010.0,SpatiallyClusteredwArea
1860,9011779,1,,,
1861,9011782,2,,21197110.0,Propagation-2
1862,9011791,3,,,
1863,9011798,3,,21197150.0,Propagation-2
1864,9011804,2,,,
1865,9011819,1,,,
1866,9011821,3,,21197150.0,Propagation-3
1867,9011822,3,,21197150.0,Propagation-2
1868,9011829,2,,21197030.0,Propagation-2
1869,9011853,1,,21237010.0,SpatiallyClusteredwArea
1870,9011858,1,,,
1871,9011876,2,,,
1872,9011904,3,,21237010.0,SpatiallyClusteredwArea
1873,9011907,1,,21237010.0,SpatiallyClusteredwArea
1874,9011913,1,,,
1875,9011922,2,,,
1876,9011931,1,,,
1877,9011932,3,21197150.0,21197150.0,spatial
1878,9011944,1,,,
1879,9011952,3,,26107130.0,Propagation-4
1880,9011992,1,,,
1881,9011998,1,,,
1882,9012004,1,,,
1883,9012008,1,,,
1884,9012015,2,,26107130.0,Propagation-3
1885,9012056,1,,,
1886,9012072,2,,,
1887,9012073,3,,,
1888,9012074,2,22077060.0,22077060.0,spatial
1889,9012077,1,,,
1890,9012098,2,22077050.0,22077050.0,spatial
1891,9012113,1,,,
1892,9012129,1,,,
1893,9012140,1,,,
1894,9012153,3,,22077060.0,Propagation-2
1895,9012155,2,,22077050.0,Propagation-2
1896,9012165,2,21197030.0,21197030.0,spatial
1897,9012173,2,,26107130.0,Propagation-2
1898,9012204,1,,,
1899,9012217,2,,,
1900,9012221,1,,,
1901,9012223,3,,26087050.0,Propagation-4
1902,9012225,1,,,
1903,9012266,1,,,
1904,9012334,3,,26087050.0,Propagation-3
1905,9012368,1,,,
1906,9012374,1,,,
1907,9012377,5,,21237010.0,SpatiallyClusteredwArea
1908,9012378,1,21167050.0,21167050.0,spatial
1909,9012384,1,,,
1910,9012385,2,,21237010.0,SpatiallyClusteredwArea
1911,9012386,1,,,
1912,9012389,2,,22077030.0,Propagation-2
1913,9012390,1,,,
1914,9012393,1,,,
1915,9012394,2,22077030.0,22077030.0,spatial
1916,9012395,1,,,
1917,9012401,1,21187030.0,21237010.0,SpatiallyClusteredwArea
1918,9012411,1,,,
1919,9012428,3,,22077030.0,Propagation-3
1920,9012434,5,,21237010.0,SpatiallyClusteredwArea
1921,9012454,1,,,
1922,9012472,2,,21237010.0,SpatiallyClusteredwArea
1923,9012473,1,,,
1924,9012486,2,21197010.0,21237010.0,SpatiallyClusteredwArea
1925,9012534,2,,21237010.0,SpatiallyClusteredwArea
1926,9012562,2,21167090.0,21167090.0,spatial
1927,9012566,3,,,
1928,9012592,1,,,
1929,9012596,4,,22057010.0,Propagation-2
1930,9012611,1,21167060.0,21237010.0,SpatiallyClusteredwArea
1931,9012627,3,,26087050.0,Propagation-2
1932,9012628,2,26107130.0,21237010.0,SpatiallyClusteredwArea
1933,9012639,1,,,
1934,9012649,1,22067010.0,22067010.0,spatial
1935,9012650,3,22057010.0,22057010.0,spatial
1936,9012653,1,,,
1937,9012656,1,,21237010.0,SpatiallyClusteredwArea
1938,9012659,2,,21167090.0,Propagation-2
1939,9012669,2,,26107130.0,Propagation-3
1940,9012676,2,,26107130.0,Propagation-1
1941,9012693,1,,,
1942,9012700,1,,,
1943,9012721,4,,21237010.0,SpatiallyClusteredwArea
1944,9012723,3,26087050.0,26087050.0,spatial
1945,9012730,3,,22057070.0,Propagation-3
1946,9012735,1,,21237010.0,SpatiallyClusteredwArea
1947,9012749,1,,,
1948,9012759,2,,,
1949,9012778,3,,22057070.0,Propagation-2
1950,9012801,2,,22047010.0,Propagation-1
1951,9012833,1,,,
1952,9012843,1,,,
1953,9012847,1,,,
1954,9012866,1,,21237010.0,SpatiallyClusteredwArea
1955,9012876,1,,,
1956,9012877,2,,22067020.0,Propagation-2
1957,9012894,1,,,
1958,9012910,4,21137010.0,21237010.0,SpatiallyClusteredwArea
1959,9012915,1,,,
1960,9012980,1,21137020.0,21237010.0,SpatiallyClusteredwArea
1961,9012991,2,,21237010.0,SpatiallyClusteredwArea
1962,9012999,3,22057070.0,22057070.0,spatial
1963,9013009,3,,,
1964,9013013,1,22067020.0,22067020.0,spatial
1965,9013014,4,,21237010.0,SpatiallyClusteredwArea
1966,9013033,3,,21237010.0,SpatiallyClusteredwArea
1967,9013041,2,,21237010.0,SpatiallyClusteredwArea
1968,9013051,1,,21237010.0,SpatiallyClusteredwArea
1969,9013089,2,,22047010.0,Propagation-4
1970,9013090,1,,,
1971,9013091,1,,21237010.0,SpatiallyClusteredwArea
1972,9013096,3,,,
1973,9013097,1,,,
1974,9013099,2,,,
1975,9013127,4,,21237010.0,SpatiallyClusteredwArea
1976,9013132,1,,,
1977,9013135,1,,21237010.0,SpatiallyClusteredwArea
1978,9013184,3,,,
1979,9013185,1,,,
1980,9013190,1,,,
1981,9013209,2,,22047010.0,Propagation-2
1982,9013211,4,,21237010.0,SpatiallyClusteredwArea
1983,9013227,1,,,
1984,9013244,1,,,
1985,9013257,2,21167080.0,21237010.0,SpatiallyClusteredwArea
1986,9013261,4,,21237010.0,SpatiallyClusteredwArea
1987,9013263,1,,21237010.0,SpatiallyClusteredwArea
1988,9013292,3,,22057060.0,Propagation-2
1989,9013318,1,,21237010.0,SpatiallyClusteredwArea
1990,9013322,2,22047010.0,22047010.0,spatial
1991,9013330,3,,,
1992,9013331,2,,22047010.0,Propagation-2
1993,9013366,1,,,
1994,9013373,1,,,
1995,9013379,3,,21237010.0,SpatiallyClusteredwArea
1996,9013385,1,,,
1997,9013390,1,,,
1998,9013393,2,,,
1999,9013405,1,,,
2000,9013406,1,,,
2001,9013421,1,,,
2002,9013427,1,,,
2003,9013437,2,,,
2004,9013445,1,,,
2005,9013510,4,,21237010.0,SpatiallyClusteredwArea
2006,9013525,3,,21237010.0,SpatiallyClusteredwArea
2007,9013541,1,,,
2008,9013542,1,,,
2009,9013561,2,,,
2010,9013563,1,21137040.0,21237010.0,SpatiallyClusteredwArea
2011,9013564,4,,21237010.0,SpatiallyClusteredwArea
2012,9013570,1,,,
2013,9013611,3,,21237010.0,SpatiallyClusteredwArea
2014,9013651,1,,,
2015,9013654,1,,,
2016,9013728,3,,21237010.0,SpatiallyClusteredwArea
2017,9013754,1,,,
2018,9013756,1,,,
2019,9013762,3,,21237010.0,SpatiallyClusteredwArea
2020,9013767,3,22057060.0,21237010.0,SpatiallyClusteredwArea
2021,9013769,3,,21237010.0,SpatiallyClusteredwArea
2022,9013780,3,,26067010.0,Propagation-2
2023,9013781,2,22017010.0,22017010.0,spatial
2024,9013782,1,,,
2025,9013789,2,,22017010.0,Propagation-2
2026,9013796,1,,,
2027,9013797,1,,,
2028,9013806,3,,21237010.0,SpatiallyClusteredwArea
2029,9013818,2,,,
2030,9013820,1,,,
2031,9013823,3,,22017020.0,Propagation-2
2032,9013824,3,,21237010.0,SpatiallyClusteredwArea
2033,9013838,1,,,
2034,9013840,1,,,
2035,9013858,2,,,
2036,9013862,1,,,
2037,9013866,2,,21147080.0,Propagation-1
2038,9013878,4,21137050.0,21237010.0,SpatiallyClusteredwArea
2039,9013887,2,,,
2040,9013901,3,22017020.0,22017020.0,spatial
2041,9013908,2,,,
2042,9013936,1,,,
2043,9013937,1,,,
2044,9013945,1,,,
2045,9013960,1,,,
2046,9013978,3,26067010.0,21237010.0,SpatiallyClusteredwArea
2047,9013995,2,21147080.0,21147080.0,spatial
2048,9014004,2,,,
2049,9014005,1,,,
2050,9014006,1,,,
2051,9014014,1,,,
2052,9014018,2,,,
2053,9014027,4,,21237010.0,SpatiallyClusteredwArea
2054,9014068,2,,,
2055,9014106,3,,21237010.0,SpatiallyClusteredwArea
2056,9014121,1,,,
2057,9014124,1,,21237010.0,SpatiallyClusteredwArea
2058,9014125,2,,21237010.0,SpatiallyClusteredwArea
2059,9014126,4,,21237010.0,SpatiallyClusteredwArea
2060,9014127,1,,,
2061,9014132,1,22057050.0,22057050.0,spatial
2062,9014173,2,,,
2063,9014198,3,,21237010.0,SpatiallyClusteredwArea
2064,9014217,1,,,
2065,9014220,1,,21237010.0,SpatiallyClusteredwArea
2066,9014225,1,,,
2067,9014230,2,,21237010.0,SpatiallyClusteredwArea
2068,9014236,2,,,
2069,9014239,2,,,
2070,9014241,1,,,
2071,9014247,1,,21237010.0,SpatiallyClusteredwArea
2072,9014248,3,21147010.0,21147010.0,spatial
2073,9014252,3,21147030.0,21147030.0,spatial
2074,9014254,1,,,
2075,9014265,2,,,
2076,9014271,1,,21237010.0,SpatiallyClusteredwArea
2077,9014276,4,,21237010.0,SpatiallyClusteredwArea
2078,9014278,1,,,
2079,9014279,3,,21147030.0,Propagation-2
2080,9014297,1,,,
2081,9014305,2,,,
2082,9014311,1,,,
2083,9014317,2,,21237010.0,SpatiallyClusteredwArea
2084,9014324,2,,26057030.0,Propagation-2
2085,9014339,4,,21237010.0,SpatiallyClusteredwArea
2086,9014346,3,26057080.0,21237010.0,SpatiallyClusteredwArea
2087,9014347,4,,21237010.0,SpatiallyClusteredwArea
2088,9014356,2,21137030.0,21137030.0,spatial
2089,9014384,2,,,
2090,9014392,1,,21237010.0,SpatiallyClusteredwArea
2091,9014395,1,,,
2092,9014397,1,26057030.0,26057030.0,spatial
2093,9014398,2,,,
2094,9014399,2,21147050.0,21147050.0,spatial
2095,9014406,1,,,
2096,9014410,3,,21237010.0,SpatiallyClusteredwArea
2097,9014426,1,,21237010.0,SpatiallyClusteredwArea
2098,9014446,2,,,
2099,9014448,4,,21237010.0,SpatiallyClusteredwArea
2100,9014473,1,,,
2101,9014485,2,,21237010.0,SpatiallyClusteredwArea
2102,9014486,1,,21237010.0,SpatiallyClusteredwArea
2103,9014498,2,,,
2104,9014503,4,,21237010.0,SpatiallyClusteredwArea
2105,9014504,1,,,
2106,9014512,1,,,
2107,9014527,3,26027180.0,21237010.0,SpatiallyClusteredwArea
2108,9014532,1,,,
2109,9014543,1,,21237010.0,SpatiallyClusteredwArea
2110,9014544,1,,,
2111,9014572,2,,21237010.0,SpatiallyClusteredwArea
2112,9014581,3,,21237010.0,SpatiallyClusteredwArea
2113,9014589,1,,,
2114,9014637,4,,21237010.0,SpatiallyClusteredwArea
2115,9014638,1,,21237010.0,SpatiallyClusteredwArea
2116,9014679,1,,,
2117,9014693,1,,21237010.0,SpatiallyClusteredwArea
2118,9014716,3,,21237010.0,SpatiallyClusteredwArea
2119,9014717,1,,,
2120,9014733,3,,21237010.0,SpatiallyClusteredwArea
2121,9014734,1,,,
2122,9014762,1,,,
2123,9014787,1,,21237010.0,SpatiallyClusteredwArea
2124,9014797,2,26057040.0,26057040.0,spatial
2125,9014798,3,26027010.0,21237010.0,SpatiallyClusteredwArea
2126,9014798,3,26057070.0,21237010.0,SpatiallyClusteredwArea
2127,9014888,2,,21237010.0,SpatiallyClusteredwArea
2128,9014890,1,,,
2129,9014892,1,,21237010.0,SpatiallyClusteredwArea
2130,9014914,4,,21237010.0,SpatiallyClusteredwArea
2131,9014924,1,,21237010.0,SpatiallyClusteredwArea
2132,9014928,1,,,
2133,9014932,2,22027020.0,21237010.0,SpatiallyClusteredwArea
2134,9014949,2,,22027020.0,Propagation-2
2135,9014950,2,,22027020.0,Propagation-3
2136,9014985,2,26047020.0,26047020.0,spatial
2137,9014991,2,,21127020.0,Propagation-3
2138,9014995,1,,,
2139,9015003,1,,,
2140,9015016,2,,26047020.0,Propagation-1
2141,9015017,1,,,
2142,9015023,1,,,
2143,9015027,1,26027250.0,21237010.0,SpatiallyClusteredwArea
2144,9015065,3,,21237010.0,SpatiallyClusteredwArea
2145,9015091,1,26027210.0,21237010.0,SpatiallyClusteredwArea
2146,9015119,1,,,
2147,9015125,1,,,
2148,9015163,1,,,
2149,9015168,4,21097070.0,21237010.0,SpatiallyClusteredwArea
2150,9015183,1,,21237010.0,SpatiallyClusteredwArea
2151,9015202,1,,,
2152,9015203,4,,21237010.0,SpatiallyClusteredwArea
2153,9015204,1,,21237010.0,SpatiallyClusteredwArea
2154,9015209,1,,,
2155,9015218,2,,21127020.0,Propagation-2
2156,9015224,2,21127020.0,21127020.0,spatial
2157,9015284,4,,21237010.0,SpatiallyClusteredwArea
2158,9015299,4,,21237010.0,SpatiallyClusteredwArea
2159,9015320,1,,,
2160,9015323,2,,,
2161,9015339,2,,,
2162,9015356,1,,21237010.0,SpatiallyClusteredwArea
2163,9015376,1,,,
2164,9015397,1,,,
2165,9015398,1,,21237010.0,SpatiallyClusteredwArea
2166,9015441,1,,,
2167,9015466,1,21127010.0,21127010.0,spatial
2168,9015503,2,,,
2169,9015504,3,26057160.0,21237010.0,SpatiallyClusteredwArea
2170,9015505,1,21117100.0,21237010.0,SpatiallyClusteredwArea
2171,9015505,1,21117080.0,21237010.0,SpatiallyClusteredwArea
2172,9015592,4,,21237010.0,SpatiallyClusteredwArea
2173,9015599,1,,,
2174,9015610,1,,,
2175,9015611,1,,,
2176,9015616,1,,,
2177,9015670,2,,21237010.0,SpatiallyClusteredwArea
2178,9015688,2,,,
2179,9015695,1,,,
2180,9015713,1,,,
2181,9015731,3,,21237010.0,SpatiallyClusteredwArea
2182,9015738,1,,21237010.0,SpatiallyClusteredwArea
2183,9015740,2,,,
2184,9015741,1,,,
2185,9015770,3,,,
2186,9015773,3,,,
2187,9015797,1,,,
2188,9015798,1,,,
2189,9015815,1,,,
2190,9015823,2,,21237010.0,SpatiallyClusteredwArea
2191,9015840,1,,,
2192,9015841,4,21097120.0,21237010.0,SpatiallyClusteredwArea
2193,9015918,1,,,
2194,9015919,1,,,
2195,9015920,2,,,
2196,9015925,2,,,
2197,9015928,1,,21237010.0,SpatiallyClusteredwArea
2198,9015967,3,,21057030.0,Propagation-4
2199,9015968,2,,21237010.0,SpatiallyClusteredwArea
2200,9015983,1,,,
2201,9016017,1,21087040.0,21087040.0,spatial
2202,9016018,2,21087080.0,21087080.0,spatial
2203,9016035,3,,26057080.0,Propagation-1
2204,9016040,1,21087050.0,21087050.0,spatial
2205,9016063,2,21087070.0,21087070.0,spatial
2206,9016077,1,,,
2207,9016078,3,,21057060.0,Propagation-3
2208,9016092,1,,,
2209,9016113,3,,,
2210,9016128,2,,21087080.0,Propagation-1
2211,9016136,1,,,
2212,9016137,3,,26057080.0,Propagation-2
2213,9016148,4,,21237010.0,SpatiallyClusteredwArea
2214,9016150,1,,21237010.0,SpatiallyClusteredwArea
2215,9016167,1,,,
2216,9016192,1,26027100.0,26027100.0,spatial
2217,9016215,3,,21237010.0,SpatiallyClusteredwArea
2218,9016242,1,,,
2219,9016253,3,,26017030.0,Propagation-2
2220,9016256,1,,,
2221,9016257,3,,21057060.0,Propagation-1
2222,9016268,2,,26027080.0,Propagation-2
2223,9016271,1,,,
2224,9016272,2,21057130.0,21057130.0,spatial
2225,9016281,1,,,
2226,9016287,2,,,
2227,9016291,2,21107020.0,21237010.0,SpatiallyClusteredwArea
2228,9016295,2,,,
2229,9016302,1,21107030.0,21237010.0,SpatiallyClusteredwArea
2230,9016355,2,,26037030.0,Propagation-2
2231,9016364,1,26037010.0,26037010.0,spatial
2232,9016429,2,,21057130.0,Propagation-2
2233,9016449,2,26037030.0,26037030.0,spatial
2234,9016459,1,,,
2235,9016476,3,,21057130.0,Propagation-3
2236,9016482,1,26027080.0,26027080.0,spatial
2237,9016482,1,26027200.0,26027200.0,spatial
2238,9016494,1,,21237010.0,SpatiallyClusteredwArea
2239,9016495,4,21077020.0,21237010.0,SpatiallyClusteredwArea
2240,9016518,1,,21237010.0,SpatiallyClusteredwArea
2241,9016523,3,21057060.0,21057060.0,spatial
2242,9016551,1,,,
2243,9016556,1,,21237010.0,SpatiallyClusteredwArea
2244,9016557,3,,21057060.0,Propagation-2
2245,9016560,3,,21057030.0,Propagation-2
2246,9016565,3,21057030.0,21057030.0,spatial
2247,9016568,1,,,
2248,9016569,1,,21237010.0,SpatiallyClusteredwArea
2249,9016570,3,,21057060.0,Propagation-3
2250,9016588,2,26017030.0,21237010.0,SpatiallyClusteredwArea
2251,9016588,2,26017020.0,21237010.0,SpatiallyClusteredwArea
2252,9016589,1,,21237010.0,SpatiallyClusteredwArea
2253,9016657,4,,21237010.0,SpatiallyClusteredwArea
2254,9016660,1,,21237010.0,SpatiallyClusteredwArea
2255,9016669,1,,,
2256,9016674,2,,26017030.0,Propagation-1
2257,9016722,1,,21237010.0,SpatiallyClusteredwArea
2258,9016861,1,,,
2259,9016870,2,21057050.0,21237010.0,SpatiallyClusteredwArea
2260,9016875,1,,21237010.0,SpatiallyClusteredwArea
2261,9016885,4,,21237010.0,SpatiallyClusteredwArea
2262,9016886,4,,21237010.0,SpatiallyClusteredwArea
2263,9016967,2,,21237010.0,SpatiallyClusteredwArea
2264,9016968,1,,21237010.0,SpatiallyClusteredwArea
2265,9016985,1,,21237010.0,SpatiallyClusteredwArea
2266,9017021,4,,21237010.0,SpatiallyClusteredwArea
2267,9017041,2,21057080.0,21237010.0,SpatiallyClusteredwArea
2268,9017053,1,,21237010.0,SpatiallyClusteredwArea
2269,9017057,4,,21237010.0,SpatiallyClusteredwArea
2270,9017116,1,,21237010.0,SpatiallyClusteredwArea
2271,9017127,1,21057110.0,21237010.0,SpatiallyClusteredwArea
2272,9017138,4,21047010.0,21237010.0,SpatiallyClusteredwArea
2273,9017195,2,26017060.0,26017060.0,spatial
2274,9017196,1,,,
2275,9017206,1,,,
2276,9017207,1,,21237010.0,SpatiallyClusteredwArea
2277,9017240,4,,21237010.0,SpatiallyClusteredwArea
2278,9017248,2,,21237010.0,SpatiallyClusteredwArea
2279,9017274,1,,,
2280,9017296,4,,21237010.0,SpatiallyClusteredwArea
2281,9017314,1,,21237010.0,SpatiallyClusteredwArea
2282,9017341,4,,21237010.0,SpatiallyClusteredwArea
2283,9017345,1,,,
2284,9017377,1,,21237010.0,SpatiallyClusteredwArea
2285,9017378,1,,,
2286,9017549,2,,21237010.0,SpatiallyClusteredwArea
2287,9017599,1,,,
2288,9017664,4,21027010.0,21237010.0,SpatiallyClusteredwArea
2289,9017677,1,,21237010.0,SpatiallyClusteredwArea
2290,9017684,4,,21237010.0,SpatiallyClusteredwArea
2291,9017689,2,,21237010.0,SpatiallyClusteredwArea
2292,9017697,1,,21237010.0,SpatiallyClusteredwArea
2293,9017698,4,,21237010.0,SpatiallyClusteredwArea
2294,9017784,1,,21237010.0,SpatiallyClusteredwArea
2295,9017785,4,,21237010.0,SpatiallyClusteredwArea
2296,9017789,1,,21237010.0,SpatiallyClusteredwArea
2297,9017795,1,,21237010.0,SpatiallyClusteredwArea
2298,9017861,2,,21237010.0,SpatiallyClusteredwArea
2299,9017862,4,21017040.0,21237010.0,SpatiallyClusteredwArea
2300,9017872,1,,21237010.0,SpatiallyClusteredwArea
2301,9017880,1,,,
2302,9017881,1,,,
2303,9017882,2,,21017060.0,Propagation-2
2304,9017884,1,,21237010.0,SpatiallyClusteredwArea
2305,9017889,1,,21237010.0,SpatiallyClusteredwArea
2306,9017907,1,,21237010.0,SpatiallyClusteredwArea
2307,9017908,4,,21237010.0,SpatiallyClusteredwArea
2308,9017929,1,,,
2309,9017950,2,,21017060.0,Propagation-3
2310,9017987,2,,21017030.0,Propagation-1
2311,9017990,1,,,
2312,9017991,2,,21017060.0,Propagation-2
2313,9018010,2,21017060.0,21017060.0,spatial
2314,9018017,1,,21237010.0,SpatiallyClusteredwArea
2315,9018026,1,,21237010.0,SpatiallyClusteredwArea
2316,9018066,4,,21237010.0,SpatiallyClusteredwArea
2317,9018085,2,21017030.0,21017030.0,spatial
2318,9018086,3,,21237010.0,SpatiallyClusteredwArea
2319,9018087,2,21017020.0,21237010.0,SpatiallyClusteredwArea
2320,9018102,1,,21237010.0,SpatiallyClusteredwArea
2321,9018103,3,,21237010.0,SpatiallyClusteredwArea
2322,9018120,2,21037010.0,21237010.0,SpatiallyClusteredwArea
2323,9018124,3,,21017030.0,Propagation-2
2324,9018139,2,,21237010.0,SpatiallyClusteredwArea
2325,9018140,1,,21237010.0,SpatiallyClusteredwArea
2326,9018146,1,,21237010.0,SpatiallyClusteredwArea
2327,9018203,1,,21237010.0,SpatiallyClusteredwArea
2328,9018331,2,,21237010.0,SpatiallyClusteredwArea
2329,9018340,1,,21237010.0,SpatiallyClusteredwArea
2330,9018373,1,,21237010.0,SpatiallyClusteredwArea
2331,9018376,1,,21237010.0,SpatiallyClusteredwArea
2332,9018571,1,21017050.0,21237010.0,SpatiallyClusteredwArea
2333,9018725,1,,21237010.0,SpatiallyClusteredwArea
