GeoglowsID,StationID,AssignedID,AssignmentReason
9000266,,,propagation
9000288,,,
9000289,,,
9000294,,,
9000296,,,
9000297,,,
9000300,,,
9000313,,,
9000315,,,
9000317,,,
9000327,,,
9000333,,,
9000334,,29037020.0,propagation
9000336,,,
9000338,,29037020.0,propagation
9000344,,,
9000345,,,
9000346,,,
9000347,,,
9000348,,,
9000351,,,
9000359,,29067010.0,propagation
9000364,,29067050.0,propagation
9000365,,29067010.0,propagation
9000366,,,
9000371,,,
9000374,,,
9000375,,,
9000376,,,
9000390,,,
9000391,,,
9000394,,29037020.0,propagation
9000395,,,
9000396,,29067010.0,propagation
9000399,,29037020.0,propagation
9000400,29067050.0,29067050.0,spatial
9000407,,,
9000411,,,
9000412,,,
9000413,,,
9000415,,,
9000416,,,
9000417,,,
9000425,,,
9000430,,,
9000432,,,
9000433,28017080.0,28017080.0,spatial
9000435,,,
9000437,,,
9000438,,,
9000442,,,
9000449,,,
9000454,,,
9000455,,,
9000464,,29067010.0,propagation
9000465,,,
9000468,,,
9000469,,28017080.0,propagation
9000473,,,
9000474,,,
9000477,,,
9000480,,,
9000481,,,
9000482,,,
9000484,,,
9000487,,28017080.0,propagation
9000488,,28017110.0,propagation
9000489,,,
9000490,28017110.0,28017110.0,spatial
9000494,,,
9000506,,,
9000508,29067010.0,29067010.0,spatial
9000526,,29067150.0,propagation
9000530,,,
9000533,,29037020.0,propagation
9000534,,28017110.0,propagation
9000535,,28017080.0,propagation
9000536,,,
9000543,,,
9000544,,,
9000545,29067150.0,29067150.0,spatial
9000545,29067130.0,29067130.0,spatial
9000546,,,
9000549,,,
9000552,,,
9000556,,28017080.0,propagation
9000557,,,
9000559,,,
9000573,,,
9000590,,29067120.0,propagation
9000594,,,
9000595,,29037020.0,propagation
9000605,,,
9000606,,,
9000611,,,
9000612,,29037020.0,propagation
9000613,,,
9000615,,,
9000616,,,
9000637,,,
9000639,29067120.0,29067120.0,spatial
9000640,,,
9000643,,29037020.0,propagation
9000649,,,
9000650,,,
9000651,,,
9000652,,,
9000655,,,
9000656,,,
9000657,,,
9000658,,,
9000667,,,
9000673,,,
9000675,,,
9000678,28017050.0,28017050.0,spatial
9000679,,,
9000687,,,
9000688,,,
9000690,,,
9000692,,,
9000693,,,
9000694,,,
9000695,,,
9000700,,,
9000709,,,
9000718,,,
9000724,,,
9000727,,,
9000731,,,
9000733,,29037020.0,propagation
9000735,,,
9000739,,,
9000743,28037030.0,28037030.0,spatial
9000746,,,
9000749,,,
9000750,,,
9000753,,28037030.0,propagation
9000754,,,
9000765,,,
9000766,,,
9000769,,,
9000770,,28037030.0,propagation
9000772,,28037030.0,propagation
9000774,,,
9000776,,,
9000777,,,
9000779,,,
9000788,,,
9000796,,29037020.0,propagation
9000809,,,
9000811,,28037030.0,propagation
9000817,,,
9000819,,,
9000820,,,
9000821,,,
9000826,,,
9000827,,29037020.0,propagation
9000828,,,
9000840,,,
9000841,,28037030.0,propagation
9000847,,,
9000855,28047010.0,28047010.0,spatial
9000856,28047040.0,28047040.0,spatial
9000859,,,
9000868,,,
9000872,,,
9000895,,,
9000896,29037020.0,29037020.0,spatial
9000909,,,
9000911,,28047010.0,propagation
9000913,,,
9000948,,,
9000949,,28037030.0,propagation
9000960,,29017010.0,propagation
9000963,,,
9000964,,29017010.0,propagation
9000970,,,
9000975,,,
9000976,,,
9000978,,,
9000999,,28037030.0,propagation
9001009,,,
9001010,,,
9001011,28037130.0,28037130.0,spatial
9001012,,,
9001022,,,
9001032,,,
9001033,,,
9001039,,29017010.0,propagation
9001040,,,
9001046,,29017010.0,propagation
9001047,,29017010.0,propagation
9001049,,,
9001055,,,
9001056,,,
9001064,,28047010.0,propagation
9001065,,,
9001089,,28037130.0,propagation
9001090,,,
9001120,,,
9001123,,,
9001124,,28037030.0,propagation
9001128,,,
9001129,,,
9001130,,,
9001133,,,
9001139,,,
9001140,,28037130.0,propagation
9001146,,28037030.0,propagation
9001153,,,
9001154,,29017010.0,propagation
9001155,,,
9001171,,,
9001176,,,
9001177,,,
9001182,,28037130.0,propagation
9001183,,28037030.0,propagation
9001186,,29017010.0,propagation
9001189,,,
9001199,,,
9001200,,,
9001202,,,
9001206,,,
9001207,,,
9001208,,,
9001209,,29017010.0,propagation
9001210,,,
9001213,,,
9001214,,28037030.0,propagation
9001215,,,
9001217,,,
9001218,,,
9001219,,,
9001222,,,
9001223,,28047010.0,propagation
9001224,,,
9001237,,,
9001239,,,
9001242,,29017010.0,propagation
9001243,,28047010.0,propagation
9001245,,,
9001246,,,
9001279,,,
9001280,28037060.0,28037060.0,spatial
9001281,,28037030.0,propagation
9001285,,,
9001286,,,
9001287,,,
9001290,,,
9001331,,,
9001332,,,
9001333,,,
9001336,28047050.0,28047050.0,spatial
9001353,29017010.0,29017010.0,spatial
9001358,,,
9001370,,,
9001371,,,
9001383,,,
9001387,,,
9001388,,,
9001390,,25027680.0,propagation
9001395,,,
9001396,,28037030.0,propagation
9001400,,,
9001417,,,
9001418,,25027680.0,propagation
9001419,,,
9001423,,,
9001424,,,
9001432,,,
9001433,,,
9001434,,,
9001456,,,
9001457,,,
9001458,,28047050.0,propagation
9001460,,25027680.0,propagation
9001461,,,
9001462,,,
9001465,,,
9001466,,,
9001467,,28037030.0,propagation
9001474,,28027050.0,propagation
9001489,,,
9001490,,28027050.0,propagation
9001494,,28047050.0,propagation
9001498,,,
9001503,,,
9001504,,28037030.0,propagation
9001505,,,
9001518,,,
9001519,,,
9001524,,,
9001525,,,
9001526,,,
9001529,,,
9001530,,,
9001539,,25027680.0,propagation
9001541,,,
9001556,,,
9001557,,,
9001569,28027050.0,28027050.0,spatial
9001579,,,
9001595,,,
9001602,,,
9001610,,,
9001618,,28047050.0,propagation
9001619,,,
9001627,,,
9001631,,,
9001632,,,
9001643,,,
9001653,,,
9001662,,,
9001663,,,
9001672,,,
9001681,,,
9001694,,,
9001696,,28047050.0,propagation
9001697,,,
9001706,,,
9001729,,,
9001731,,,
9001737,,,
9001738,,,
9001741,,,
9001742,,28047050.0,propagation
9001748,,,
9001754,,,
9001755,,,
9001765,,,
9001766,,,
9001769,,,
9001771,,,
9001774,,,
9001784,,,
9001787,,,
9001789,,,
9001791,,,
9001804,,,
9001805,,,
9001811,,,
9001826,,,
9001829,,,
9001831,,,
9001835,,,
9001837,,,
9001850,,25027680.0,propagation
9001858,,,
9001859,,,
9001877,,25027680.0,propagation
9001890,,,
9001893,,,
9001902,,,
9001903,,,
9001905,,,
9001915,,,
9001924,,,
9001926,,,
9001928,,,
9001936,,,
9001937,,,
9001941,,,
9001942,,,
9001947,,,
9001948,,,
9001957,,,
9001958,,,
9001959,,,
9001960,,,
9001961,,,
9001962,,,
9001967,,,
9001970,,,
9001997,,,
9001998,,,
9002013,,,
9002022,,,
9002033,,,
9002049,,,
9002054,,,
9002055,,,
9002056,,,
9002110,,,
9002113,,,
9002114,,,
9002119,,,
9002126,,,
9002131,,,
9002136,,,
9002137,,,
9002152,,,
9002156,,,
9002157,,,
9002167,,,
9002175,,,
9002176,,,
9002182,,,
9002184,,,
9002185,25027680.0,25027680.0,spatial
9002186,,,
9002187,,,
9002198,,,
9002203,,,
9002205,,,
9002206,,,
9002207,,,
9002220,,,
9002222,,,
9002230,,,
9002231,,,
9002233,,,
9002234,,,
9002238,,25027930.0,propagation
9002244,,,
9002250,25027690.0,25027690.0,spatial
9002255,,,
9002256,,,
9002268,,,
9002284,,,
9002285,,,
9002292,,,
9002293,,,
9002296,,,
9002301,,,
9002304,,,
9002305,,,
9002307,,,
9002321,,25027930.0,propagation
9002322,,25027690.0,propagation
9002323,,,
9002324,,,
9002358,,,
9002359,,,
9002362,,,
9002363,,,
9002367,,,
9002368,,,
9002375,,,
9002376,,,
9002378,,,
9002399,,,
9002405,,,
9002407,,25027930.0,propagation
9002415,,25027930.0,propagation
9002416,,,
9002424,,,
9002437,,,
9002440,,,
9002444,,,
9002459,,,
9002460,,,
9002476,,,
9002477,,,
9002484,,,
9002495,,,
9002496,,,
9002504,,,
9002516,,,
9002518,,,
9002521,,,
9002527,,,
9002528,,,
9002529,,,
9002565,25027020.0,25027020.0,spatial
9002567,,,
9002573,,,
9002574,,,
9002597,,,
9002605,25027930.0,25027930.0,spatial
9002605,25027530.0,25027530.0,spatial
9002606,,,
9002607,25027490.0,25027490.0,spatial
9002614,,,
9002617,,,
9002618,,,
9002623,,,
9002630,,,
9002631,,,
9002636,,,
9002637,,,
9002639,,,
9002650,,,
9002654,,25027020.0,propagation
9002660,,,
9002663,,25027020.0,propagation
9002664,,25027020.0,propagation
9002666,,,
9002669,25027360.0,25027360.0,spatial
9002670,,,
9002677,,,
9002684,,25027020.0,propagation
9002685,,,
9002686,,,
9002690,,,
9002704,,,
9002709,,,
9002715,,,
9002717,,,
9002718,,,
9002720,,25027020.0,propagation
9002745,,,
9002748,,,
9002753,,,
9002764,,25027020.0,propagation
9002765,,,
9002766,25027330.0,25027330.0,spatial
9002767,,,
9002771,,,
9002776,,,
9002779,,25027410.0,propagation
9002785,,,
9002794,,25027020.0,propagation
9002807,,,
9002808,,,
9002810,,,
9002814,,,
9002816,,,
9002817,,,
9002832,,,
9002834,,,
9002847,,,
9002854,,25027410.0,propagation
9002858,,,
9002863,,,
9002868,,,
9002869,,,
9002870,,,
9002871,,25027410.0,propagation
9002872,,,
9002874,,,
9002882,,,
9002886,,,
9002894,,,
9002895,,,
9002913,,,
9002926,,,
9002932,,,
9002933,,25027410.0,propagation
9002939,,,
9002948,,,
9002950,,,
9002953,25027410.0,25027410.0,spatial
9002962,,,
9002965,,,
9002981,,,
9002982,,,
9002985,,,
9002987,,,
9002988,25027640.0,25027640.0,spatial
9002993,,,
9002995,,,
9002997,,,
9003002,,,
9003007,,,
9003011,,,
9003012,,,
9003015,,,
9003016,,,
9003019,,,
9003020,,,
9003024,,,
9003058,,,
9003068,,,
9003083,,,
9003091,,25027200.0,propagation
9003094,,,
9003095,,,
9003102,,,
9003111,,,
9003114,,,
9003126,,,
9003127,,,
9003137,,,
9003139,,,
9003151,,,
9003152,,,
9003156,,,
9003157,,,
9003161,,,
9003171,,,
9003176,,,
9003185,,,
9003186,,,
9003189,,,
9003204,,,
9003209,,23217030.0,propagation
9003215,,,
9003237,,,
9003238,,,
9003245,,23217030.0,propagation
9003246,,,
9003247,,,
9003248,,,
9003253,,,
9003256,,,
9003269,,,
9003270,,,
9003284,,,
9003300,,25027200.0,propagation
9003315,,,
9003316,,23217030.0,propagation
9003331,,,
9003332,,,
9003339,,,
9003340,,,
9003342,,25027120.0,propagation
9003344,,,
9003368,,,
9003374,,,
9003375,,,
9003378,,23217030.0,propagation
9003386,,,
9003393,,,
9003396,,,
9003397,25027200.0,25027200.0,spatial
9003408,,,
9003409,,,
9003442,,,
9003448,,,
9003458,,,
9003459,,,
9003460,,,
9003476,,,
9003477,,,
9003495,,25027270.0,propagation
9003496,,,
9003498,,,
9003499,,,
9003508,25027910.0,25027910.0,spatial
9003512,,,
9003514,,,
9003526,,,
9003528,,,
9003532,,,
9003537,,23217030.0,propagation
9003540,,,
9003541,,23217030.0,propagation
9003548,,,
9003551,,,
9003559,,,
9003562,,,
9003563,,,
9003571,,25027270.0,propagation
9003581,,23217030.0,propagation
9003615,,,
9003620,,,
9003630,,,
9003631,25027120.0,25027120.0,spatial
9003649,,,
9003677,,25027270.0,propagation
9003684,,,
9003690,,,
9003691,,,
9003692,23217030.0,23217030.0,spatial
9003705,,,
9003713,,,
9003714,,,
9003715,,,
9003724,,,
9003732,,,
9003739,,,
9003740,,25017010.0,propagation
9003743,,,
9003753,,,
9003754,,,
9003762,,23187280.0,propagation
9003763,,,
9003766,,,
9003780,,,
9003786,25027270.0,25027270.0,spatial
9003800,,25017010.0,propagation
9003802,,,
9003811,,,
9003823,,,
9003825,,27037010.0,propagation
9003829,,,
9003831,,,
9003856,,,
9003866,,,
9003867,,,
9003876,,25017010.0,propagation
9003881,,,
9003882,,,
9003891,,,
9003903,,,
9003910,,,
9003919,,,
9003920,,23197370.0,propagation
9003926,,,
9003930,,,
9003934,,,
9003935,,26247020.0,propagation
9003936,25027050.0,25027050.0,spatial
9003940,,,
9003945,,,
9003948,,25017010.0,propagation
9003949,,,
9003986,,,
9003990,,23197370.0,propagation
9003991,,,
9003994,,,
9003997,,,
9003998,25017010.0,25017010.0,spatial
9003999,,,
9004014,27037010.0,27037010.0,spatial
9004015,,,
9004016,,23197370.0,propagation
9004017,,,
9004026,26247020.0,26247020.0,spatial
9004028,,25017020.0,propagation
9004029,,,
9004033,,,
9004053,,,
9004056,,,
9004062,,,
9004063,,26247010.0,propagation
9004066,,23187280.0,propagation
9004070,,27037030.0,propagation
9004071,,,
9004073,,,
9004089,,23197370.0,propagation
9004092,,,
9004093,,,
9004096,,,
9004098,,,
9004103,,,
9004107,,,
9004119,,,
9004125,,,
9004160,,,
9004167,,,
9004173,,,
9004182,,23197370.0,propagation
9004197,,,
9004211,,23187280.0,propagation
9004216,,,
9004225,,,
9004233,,,
9004239,,,
9004245,,,
9004256,,,
9004257,,,
9004275,,,
9004281,,,
9004282,,,
9004284,,,
9004286,,23197370.0,propagation
9004300,,,
9004302,,,
9004303,,,
9004309,,,
9004310,,,
9004311,,,
9004317,,,
9004318,,,
9004322,25017020.0,25017020.0,spatial
9004326,,,
9004328,,,
9004355,23187280.0,23187280.0,spatial
9004378,,,
9004382,,,
9004400,,27037030.0,propagation
9004401,,,
9004411,,,
9004412,,,
9004417,26247010.0,26247010.0,spatial
9004418,,,
9004429,,,
9004437,,,
9004439,,,
9004443,,26247030.0,propagation
9004444,,,
9004448,,,
9004449,,,
9004452,,,
9004455,,,
9004456,,27037030.0,propagation
9004463,,,
9004464,,,
9004469,,,
9004473,,,
9004493,,27037030.0,propagation
9004496,,,
9004497,,,
9004506,,,
9004509,,,
9004515,,,
9004521,,,
9004522,,,
9004528,,,
9004533,,,
9004534,,,
9004553,,23197370.0,propagation
9004561,,,
9004562,,,
9004571,,,
9004572,,,
9004578,,,
9004580,,,
9004587,,,
9004596,,,
9004600,,,
9004601,,,
9004607,,,
9004614,,26247030.0,propagation
9004623,,27037030.0,propagation
9004641,,,
9004648,,,
9004651,,,
9004662,,,
9004670,,,
9004674,,,
9004680,,,
9004688,,27037020.0,propagation
9004698,,,
9004699,,26247030.0,propagation
9004703,,,
9004708,,,
9004713,,,
9004715,,26247050.0,propagation
9004731,,,
9004739,,26247030.0,propagation
9004767,,,
9004778,,,
9004779,,,
9004806,,,
9004826,,23207040.0,propagation
9004832,,,
9004838,,,
9004839,23197370.0,23197370.0,spatial
9004840,,,
9004845,,,
9004846,,,
9004854,,,
9004879,26247050.0,26247050.0,spatial
9004882,,27037030.0,propagation
9004883,,,
9004884,,,
9004890,,,
9004893,,,
9004894,,,
9004895,,,
9004902,,27037030.0,propagation
9004903,,,
9004908,,,
9004914,,,
9004915,,,
9004916,,,
9004917,23207040.0,23207040.0,spatial
9004919,,,
9004923,,,
9004929,,,
9004931,,,
9004934,27037020.0,27037020.0,spatial
9004941,,,
9004942,,,
9004958,,,
9004963,26247030.0,26247030.0,spatial
9004964,,,
9004965,,,
9004968,27037030.0,27037030.0,spatial
9004976,,,
9004977,,,
9004982,,,
9004992,,,
9004995,,,
9004998,,,
9005006,,,
9005012,,,
9005018,,,
9005022,,26237040.0,propagation
9005025,,,
9005026,,,
9005035,,,
9005037,,,
9005041,,,
9005044,,23167010.0,propagation
9005045,,,
9005047,,,
9005065,,,
9005069,,,
9005076,,,
9005077,,,
9005080,,,
9005083,,,
9005086,,,
9005089,,,
9005090,,,
9005094,,,
9005096,,,
9005097,,,
9005099,,,
9005103,,,
9005109,,,
9005114,,,
9005115,,,
9005116,,,
9005121,,,
9005123,,,
9005125,,,
9005129,,,
9005140,,,
9005145,,,
9005147,,,
9005148,,,
9005149,,,
9005153,,26237040.0,propagation
9005154,,,
9005155,,,
9005160,,,
9005167,,23167010.0,propagation
9005169,,,
9005174,,,
9005176,,23197290.0,propagation
9005194,,,
9005203,,23197290.0,propagation
9005207,,,
9005212,,,
9005213,,,
9005218,,,
9005235,,,
9005253,,,
9005258,,26237040.0,propagation
9005262,,,
9005269,,,
9005274,,,
9005276,,,
9005281,,,
9005282,,,
9005283,,,
9005309,,,
9005322,26237040.0,26237040.0,spatial
9005323,,,
9005332,,,
9005356,,,
9005360,,,
9005366,,,
9005378,,23197290.0,propagation
9005383,,,
9005397,23197130.0,23197130.0,spatial
9005418,,24067020.0,propagation
9005419,,23197130.0,propagation
9005421,,,
9005424,,,
9005427,,,
9005429,,,
9005432,,,
9005433,,26237050.0,propagation
9005439,24067020.0,24067020.0,spatial
9005446,,,
9005447,,24067020.0,propagation
9005459,,,
9005463,,,
9005466,,,
9005473,,,
9005476,23197290.0,23197290.0,spatial
9005481,,,
9005482,,,
9005494,,,
9005495,,,
9005496,23197700.0,23197700.0,spatial
9005502,,,
9005503,,,
9005513,,23197700.0,propagation
9005520,,,
9005523,,,
9005538,,,
9005539,,26237050.0,propagation
9005541,,,
9005552,,,
9005553,,,
9005556,,,
9005557,,,
9005574,,,
9005578,,,
9005586,,,
9005587,,,
9005602,,,
9005617,,,
9005618,,,
9005619,,,
9005631,,,
9005635,,23167010.0,propagation
9005640,,,
9005641,,26237050.0,propagation
9005652,,,
9005656,,,
9005664,,,
9005665,,23197690.0,propagation
9005669,,,
9005670,,,
9005677,26237050.0,26237050.0,spatial
9005679,,,
9005680,,,
9005681,,,
9005683,,,
9005687,,,
9005688,,,
9005693,,,
9005699,,26237100.0,propagation
9005700,,,
9005704,,,
9005705,,23167010.0,propagation
9005716,,,
9005724,,,
9005726,,,
9005729,,,
9005730,,,
9005732,,,
9005734,,,
9005739,,,
9005765,,26237100.0,propagation
9005777,,,
9005783,,26237110.0,propagation
9005784,,,
9005788,,,
9005789,,,
9005794,,,
9005795,,,
9005797,,,
9005798,,23167010.0,propagation
9005802,,,
9005803,,,
9005810,,,
9005817,,,
9005820,,,
9005828,,,
9005835,,,
9005836,,23167010.0,propagation
9005849,,,
9005858,,,
9005867,23197690.0,23197690.0,spatial
9005875,,27027060.0,propagation
9005876,,,
9005895,23167010.0,23167010.0,spatial
9005912,,,
9005920,,,
9005923,,23147020.0,propagation
9005928,,,
9005943,,,
9005950,,,
9005951,,,
9005974,,,
9005978,,,
9005998,,,
9006005,,,
9006009,,,
9006016,,,
9006017,,,
9006018,,,
9006033,27027060.0,27027060.0,spatial
9006034,,,
9006035,,23097030.0,propagation
9006041,,,
9006058,,26237100.0,propagation
9006068,,,
9006069,,,
9006076,23147040.0,23147040.0,spatial
9006077,,,
9006089,26237110.0,26237110.0,spatial
9006095,,23097030.0,propagation
9006098,,,
9006101,,,
9006110,,,
9006123,,,
9006127,,,
9006131,,,
9006143,,,
9006144,,,
9006153,,,
9006154,,,
9006193,,,
9006204,,23127050.0,propagation
9006223,,26237100.0,propagation
9006237,,,
9006238,,,
9006242,,,
9006249,,,
9006262,,,
9006265,,23147020.0,propagation
9006268,,24037360.0,propagation
9006272,,,
9006273,,,
9006274,,,
9006276,23107040.0,23107040.0,spatial
9006287,,,
9006295,,24037390.0,propagation
9006298,,,
9006303,,,
9006306,,23097030.0,propagation
9006307,,,
9006334,,,
9006340,,24037360.0,propagation
9006343,,,
9006345,,,
9006346,24037360.0,24037360.0,spatial
9006357,23147020.0,23147020.0,spatial
9006369,,,
9006372,,23107040.0,propagation
9006373,,23097030.0,propagation
9006380,,,
9006394,,23107030.0,propagation
9006402,,,
9006411,,,
9006412,,23107030.0,propagation
9006413,,,
9006414,,,
9006421,,,
9006422,,,
9006425,,,
9006429,,,
9006432,,,
9006440,,24037390.0,propagation
9006441,,,
9006446,,,
9006447,,,
9006455,,,
9006461,,,
9006464,,,
9006466,,,
9006468,,23097030.0,propagation
9006474,,,
9006475,23107020.0,23107020.0,spatial
9006485,,26237100.0,propagation
9006486,,,
9006500,,23107030.0,propagation
9006506,,,
9006507,23107030.0,23107030.0,spatial
9006510,,,
9006529,,,
9006530,,,
9006532,,,
9006536,,,
9006542,,,
9006543,,,
9006544,,,
9006545,,,
9006546,,,
9006548,,,
9006558,,23107020.0,propagation
9006561,,,
9006568,,24037390.0,propagation
9006569,,,
9006570,,23107020.0,propagation
9006571,,23107020.0,propagation
9006584,,,
9006586,23127050.0,23127050.0,spatial
9006588,,,
9006595,,,
9006604,,,
9006606,,,
9006610,,,
9006611,,,
9006619,,24037390.0,propagation
9006628,,,
9006629,,,
9006630,,,
9006635,,,
9006636,,,
9006640,,,
9006644,,,
9006654,,,
9006660,,24037390.0,propagation
9006665,,24037390.0,propagation
9006666,,24037390.0,propagation
9006669,,23127020.0,propagation
9006670,,,
9006672,,23097030.0,propagation
9006694,,,
9006698,26237100.0,26237100.0,spatial
9006702,,,
9006704,,,
9006709,,,
9006710,,,
9006713,,26237020.0,propagation
9006716,,,
9006721,26217010.0,26217010.0,spatial
9006723,,26217010.0,propagation
9006724,,24027010.0,propagation
9006727,,,
9006730,,24027010.0,propagation
9006740,,,
9006742,,,
9006750,,,
9006754,,,
9006759,,,
9006761,,,
9006769,,,
9006770,,24017640.0,propagation
9006771,24027010.0,24027010.0,spatial
9006777,,,
9006778,,,
9006779,24027040.0,24027040.0,spatial
9006782,,26217050.0,propagation
9006783,,,
9006784,,24027040.0,propagation
9006785,,,
9006786,,,
9006790,23097030.0,23097030.0,spatial
9006799,,,
9006814,,,
9006819,,24037380.0,propagation
9006823,,,
9006824,,,
9006825,,,
9006831,26237020.0,26237020.0,spatial
9006835,24037390.0,24037390.0,spatial
9006837,,,
9006838,24037380.0,24037380.0,spatial
9006838,24037040.0,24037040.0,spatial
9006842,,,
9006848,24037490.0,24037490.0,spatial
9006851,24017640.0,24017640.0,spatial
9006853,,,
9006858,24027060.0,24027060.0,spatial
9006861,,,
9006871,,,
9006882,,,
9006888,,,
9006893,23127020.0,23127020.0,spatial
9006894,,,
9006899,,,
9006906,,,
9006911,,,
9006924,,,
9006926,26217050.0,26217050.0,spatial
9006931,23087160.0,23087160.0,spatial
9006932,,,
9006933,,23097040.0,propagation
9006940,,,
9006943,,23087160.0,propagation
9006945,,,
9006959,,,
9006960,,,
9006967,,23127060.0,propagation
9006968,,,
9006988,23087180.0,23087180.0,spatial
9007003,,,
9007004,,,
9007010,,,
9007019,,,
9007025,24037370.0,24037370.0,spatial
9007048,,,
9007049,,,
9007051,,,
9007052,,,
9007066,,23097040.0,propagation
9007072,,24037510.0,propagation
9007079,,,
9007081,,,
9007087,,,
9007092,,,
9007093,,24017570.0,propagation
9007096,,24017580.0,propagation
9007105,,,
9007113,,,
9007116,,23097040.0,propagation
9007125,,,
9007126,,,
9007134,24027070.0,24027070.0,spatial
9007140,,,
9007141,,,
9007145,,24027050.0,propagation
9007146,,24037510.0,propagation
9007150,,26207080.0,propagation
9007151,,,
9007164,,,
9007172,,,
9007173,,24017580.0,propagation
9007176,,,
9007180,,,
9007182,24027050.0,24027050.0,spatial
9007183,,,
9007191,,,
9007198,,23097040.0,propagation
9007203,,,
9007218,,24017580.0,propagation
9007220,,,
9007222,,,
9007225,,26207080.0,propagation
9007226,,,
9007233,,23087260.0,propagation
9007238,23127060.0,23127060.0,spatial
9007239,,23087180.0,propagation
9007255,23087210.0,23087210.0,spatial
9007256,,,
9007262,,,
9007272,,26207080.0,propagation
9007273,,,
9007292,23097040.0,23097040.0,spatial
9007297,,,
9007305,,23087210.0,propagation
9007306,,24037510.0,propagation
9007307,,,
9007313,,,
9007317,,,
9007331,,23087660.0,propagation
9007334,,23087260.0,propagation
9007335,,23087260.0,propagation
9007336,,,
9007337,,23127010.0,propagation
9007342,,,
9007343,,,
9007348,,,
9007352,,23037010.0,propagation
9007356,23087670.0,23087670.0,spatial
9007357,,23087670.0,propagation
9007365,,,
9007370,,,
9007371,,,
9007382,23087660.0,23087660.0,spatial
9007383,,,
9007386,,24017570.0,propagation
9007387,,,
9007398,,23127010.0,propagation
9007407,,,
9007415,23087260.0,23087260.0,spatial
9007419,,,
9007420,,,
9007425,,23037010.0,propagation
9007432,24017580.0,24017580.0,spatial
9007440,,,
9007442,24027030.0,24027030.0,spatial
9007453,,,
9007454,,,
9007457,,23127010.0,propagation
9007459,,,
9007464,,,
9007466,,24037510.0,propagation
9007469,,,
9007475,24017570.0,24017570.0,spatial
9007479,,,
9007480,,,
9007481,,,
9007484,,,
9007485,,,
9007490,,26207080.0,propagation
9007491,,,
9007492,,,
9007494,,23087190.0,propagation
9007502,,26207080.0,propagation
9007503,,,
9007512,,,
9007515,,,
9007516,,,
9007519,,,
9007548,,,
9007555,,23037010.0,propagation
9007565,,,
9007568,,,
9007571,,,
9007577,,24037510.0,propagation
9007592,,,
9007599,,23077020.0,propagation
9007604,,,
9007612,,,
9007615,,,
9007616,,23087190.0,propagation
9007623,,,
9007635,,,
9007636,,,
9007655,,,
9007656,,,
9007657,,,
9007661,,,
9007666,,,
9007669,,,
9007676,,,
9007677,,,
9007682,,26207080.0,propagation
9007699,,,
9007703,,24037510.0,propagation
9007706,,,
9007708,,,
9007721,23077020.0,23077020.0,spatial
9007727,,,
9007728,,24037410.0,propagation
9007729,,24037510.0,propagation
9007737,,,
9007740,,,
9007749,,,
9007763,,,
9007769,,,
9007770,24037410.0,24037410.0,spatial
9007774,,24017590.0,propagation
9007779,26207080.0,26207080.0,spatial
9007780,,,
9007781,,23037010.0,propagation
9007812,,26197030.0,propagation
9007813,,,
9007821,,,
9007822,,,
9007823,23087190.0,23087190.0,spatial
9007825,23087200.0,23087200.0,spatial
9007826,,,
9007827,,,
9007832,24037510.0,24037510.0,spatial
9007834,,,
9007835,,,
9007836,,24017590.0,propagation
9007838,,24037290.0,propagation
9007851,,,
9007853,,26207030.0,propagation
9007854,,,
9007856,,,
9007858,,,
9007859,,23037010.0,propagation
9007866,,,
9007867,,,
9007871,,,
9007877,,,
9007878,,23087200.0,propagation
9007879,,23127010.0,propagation
9007903,,,
9007904,,26197030.0,propagation
9007905,,,
9007906,,,
9007912,,23037010.0,propagation
9007918,,,
9007919,,,
9007932,,,
9007933,,,
9007939,,,
9007940,,24017590.0,propagation
9007944,,23127010.0,propagation
9007946,,23127010.0,propagation
9007950,,,
9007952,,,
9007954,,,
9007966,,23037010.0,propagation
9007967,,,
9007980,,,
9007981,,,
9007985,,,
9007996,,,
9007997,,,
9007998,24017590.0,24017590.0,spatial
9008017,26197030.0,26197030.0,spatial
9008018,,,
9008021,,,
9008026,,,
9008029,,,
9008041,,,
9008044,,,
9008050,,26207030.0,propagation
9008051,,,
9008053,,23127010.0,propagation
9008056,,,
9008060,,,
9008067,,,
9008068,,24037290.0,propagation
9008075,,,
9008085,,,
9008087,,23127010.0,propagation
9008091,,,
9008114,,,
9008120,,,
9008136,,24037290.0,propagation
9008138,,,
9008141,,,
9008153,,23057140.0,propagation
9008164,,,
9008165,,24037290.0,propagation
9008172,,,
9008173,,,
9008174,,,
9008177,,24037130.0,propagation
9008180,26207030.0,26207030.0,spatial
9008185,,26197010.0,propagation
9008186,,24037130.0,propagation
9008188,,,
9008193,,23127010.0,propagation
9008199,,,
9008203,,,
9008205,,,
9008216,,,
9008218,,26187110.0,propagation
9008221,,23067020.0,propagation
9008223,24037290.0,24037290.0,spatial
9008225,,,
9008233,,,
9008234,24037190.0,24037190.0,spatial
9008237,,,
9008238,24037130.0,24037130.0,spatial
9008240,,26187110.0,propagation
9008242,,,
9008257,,,
9008261,,,
9008280,,,
9008286,,26187040.0,propagation
9008289,,23067040.0,propagation
9008290,23067040.0,23067040.0,spatial
9008292,,,
9008293,,,
9008298,,23127010.0,propagation
9008299,,,
9008308,,26197010.0,propagation
9008309,,23037010.0,propagation
9008322,,24037030.0,propagation
9008331,23057140.0,23057140.0,spatial
9008333,,,
9008334,,23127010.0,propagation
9008340,,,
9008341,,23037010.0,propagation
9008343,,,
9008345,,,
9008357,,,
9008364,,,
9008365,24017600.0,24017600.0,spatial
9008381,,,
9008390,,,
9008391,,,
9008394,,,
9008396,24017740.0,24017740.0,spatial
9008406,,,
9008407,,,
9008411,,,
9008412,,,
9008413,26187040.0,26187040.0,spatial
9008416,,,
9008417,,,
9008418,,,
9008419,,24017830.0,propagation
9008424,,,
9008425,,,
9008426,,23127010.0,propagation
9008447,,24037120.0,propagation
9008465,,,
9008468,,,
9008487,,,
9008503,24037030.0,24037030.0,spatial
9008509,26197010.0,26197010.0,spatial
9008519,,,
9008522,,,
9008530,,,
9008531,,,
9008544,,,
9008546,23127010.0,23127010.0,spatial
9008562,,,
9008568,,,
9008573,,,
9008576,,,
9008596,24017830.0,24017830.0,spatial
9008608,,,
9008619,,,
9008620,,,
9008624,,,
9008638,,,
9008645,,23067020.0,propagation
9008658,,,
9008665,24037090.0,24037090.0,spatial
9008667,24017620.0,24017620.0,spatial
9008680,26187110.0,26187110.0,spatial
9008681,,,
9008682,,,
9008684,,,
9008694,24037120.0,24037120.0,spatial
9008711,,,
9008715,24037080.0,24037080.0,spatial
9008732,,,
9008733,,,
9008750,,23037010.0,propagation
9008775,,,
9008784,,23037010.0,propagation
9008805,,,
9008806,,,
9008811,,,
9008812,,,
9008819,,,
9008842,,,
9008849,,,
9008859,,,
9008869,,,
9008874,,,
9008875,,,
9008884,,,
9008885,,,
9008894,,,
9008907,,26167070.0,propagation
9008908,,,
9008927,,,
9008932,,,
9008935,,26167090.0,propagation
9008936,,,
9008951,,,
9008960,23067020.0,23067020.0,spatial
9008990,,,
9008997,,,
9009027,23037010.0,23037010.0,spatial
9009036,,,
9009042,,,
9009063,,24017610.0,propagation
9009068,,,
9009078,,26167070.0,propagation
9009079,,,
9009083,26177010.0,26177010.0,spatial
9009084,,26177010.0,propagation
9009092,,,
9009102,,,
9009115,,,
9009116,,,
9009150,,,
9009163,,,
9009169,26167090.0,26167090.0,spatial
9009180,,,
9009184,,,
9009186,,,
9009198,,,
9009213,24017610.0,24017610.0,spatial
9009229,,24017150.0,propagation
9009238,24017150.0,24017150.0,spatial
9009248,,,
9009249,,26167070.0,propagation
9009262,,,
9009269,,23027060.0,propagation
9009290,,,
9009291,,,
9009310,,26167070.0,propagation
9009313,,26167060.0,propagation
9009338,,,
9009341,,,
9009342,,,
9009362,,,
9009363,,,
9009364,26167070.0,26167070.0,spatial
9009365,,,
9009369,,,
9009374,,,
9009377,,,
9009381,,,
9009403,26147080.0,26147080.0,spatial
9009418,,,
9009419,23027060.0,23027060.0,spatial
9009420,,23017060.0,propagation
9009429,26167060.0,26167060.0,spatial
9009435,,,
9009442,23017060.0,23017060.0,spatial
9009472,,23017090.0,propagation
9009479,,21237020.0,propagation
9009481,23017090.0,23017090.0,spatial
9009482,,,
9009495,,,
9009497,,23067050.0,propagation
9009500,,,
9009501,,,
9009515,,26177030.0,propagation
9009516,,,
9009521,23067050.0,23067050.0,spatial
9009542,,,
9009552,,,
9009558,,,
9009569,,,
9009580,,,
9009585,,26177030.0,propagation
9009592,,,
9009603,,,
9009608,,,
9009611,,,
9009621,,,
9009627,23067080.0,23067080.0,spatial
9009650,,26157020.0,propagation
9009660,21237020.0,21237020.0,spatial
9009661,,,
9009680,,,
9009688,,23067080.0,propagation
9009696,23067060.0,23067060.0,spatial
9009728,26157020.0,26157020.0,spatial
9009731,,,
9009755,,,
9009757,26157100.0,26157100.0,spatial
9009758,23017040.0,23017040.0,spatial
9009785,,26177030.0,propagation
9009802,,23067070.0,propagation
9009805,,,
9009811,,,
9009831,,,
9009832,,,
9009833,,,
9009836,,,
9009837,,,
9009838,,,
9009844,,21257070.0,propagation
9009861,,26177030.0,propagation
9009872,,,
9009906,,,
9009918,,,
9009924,,,
9009928,,,
9009936,21257070.0,21257070.0,spatial
9009945,,,
9009950,,,
9009986,,,
9009993,,,
9009999,23067070.0,23067070.0,spatial
9010004,,,
9010033,,26157200.0,propagation
9010036,,,
9010052,,21237010.0,propagation
9010056,,26137230.0,propagation
9010062,,,
9010077,26147140.0,26147140.0,spatial
9010082,26147130.0,26147130.0,spatial
9010090,,,
9010091,,,
9010110,,21237010.0,propagation
9010120,,,
9010134,,,
9010149,,21257120.0,propagation
9010183,,26177030.0,propagation
9010186,,,
9010195,26157200.0,26157200.0,spatial
9010195,26157190.0,26157190.0,spatial
9010208,21257120.0,21257120.0,spatial
9010213,,26147140.0,propagation
9010224,,,
9010225,,,
9010231,,,
9010239,26177030.0,26177030.0,spatial
9010251,,,
9010262,,26177030.0,propagation
9010273,,,
9010290,,,
9010294,,,
9010296,,,
9010297,26137230.0,26137230.0,spatial
9010306,,21237010.0,propagation
9010320,,21257090.0,propagation
9010327,21257090.0,21257090.0,spatial
9010345,,,
9010346,,,
9010351,,,
9010369,,,
9010372,,,
9010379,,,
9010388,,,
9010408,,26107110.0,propagation
9010417,,,
9010427,,26107110.0,propagation
9010476,26107110.0,26107110.0,spatial
9010484,,,
9010485,,,
9010517,26127040.0,26127040.0,spatial
9010522,,,
9010530,,26107070.0,propagation
9010535,,,
9010551,,,
9010560,21257100.0,21257100.0,spatial
9010561,,21257100.0,propagation
9010590,,21237010.0,propagation
9010594,,,
9010597,,26127010.0,propagation
9010634,,,
9010635,,,
9010651,,,
9010652,,,
9010656,,,
9010665,,,
9010675,,,
9010683,26137110.0,26137110.0,spatial
9010767,,,
9010768,,,
9010825,21237040.0,21237040.0,spatial
9010826,,,
9010827,,,
9010831,,,
9010836,,,
9010837,,,
9010855,21247050.0,21247050.0,spatial
9010857,,21247050.0,propagation
9010859,,,
9010872,,,
9010873,,,
9010882,,,
9010884,,,
9010885,,,
9010888,,26107070.0,propagation
9010891,,21237010.0,propagation
9010898,,,
9010899,,,
9010901,,,
9010911,,,
9010916,,,
9010962,,26107070.0,propagation
9010974,,,
9010981,,26127010.0,propagation
9011010,,21237040.0,propagation
9011013,,,
9011017,,21227010.0,propagation
9011018,,,
9011057,,,
9011070,,,
9011100,,21237010.0,propagation
9011101,,,
9011103,,,
9011120,,,
9011121,,,
9011135,,,
9011151,,,
9011157,26107070.0,26107070.0,spatial
9011162,,,
9011163,,,
9011229,21227010.0,21227010.0,spatial
9011238,,,
9011249,,,
9011256,,,
9011268,,,
9011270,,,
9011276,,26127010.0,propagation
9011280,21207960.0,21207960.0,spatial
9011282,,,
9011293,,,
9011303,,26107060.0,propagation
9011316,,,
9011326,,,
9011329,,,
9011344,,,
9011363,,,
9011368,,21217270.0,propagation
9011402,26127010.0,26127010.0,spatial
9011403,,,
9011406,,,
9011411,,,
9011419,21217120.0,21217120.0,spatial
9011420,,,
9011422,,,
9011424,26107060.0,26107060.0,spatial
9011430,,,
9011431,,,
9011432,21197110.0,21197110.0,spatial
9011438,,,
9011455,,,
9011472,,,
9011476,,,
9011539,,,
9011551,,26087050.0,propagation
9011562,,,
9011589,,,
9011607,21217270.0,21217270.0,spatial
9011625,,,
9011626,21217180.0,21217180.0,spatial
9011632,,26087050.0,propagation
9011651,,21207960.0,propagation
9011652,,,
9011653,,,
9011695,21217200.0,21217200.0,spatial
9011702,,,
9011703,,,
9011704,,,
9011707,21237010.0,21237010.0,spatial
9011708,,,
9011709,,,
9011716,,21207960.0,propagation
9011722,,,
9011728,,,
9011730,21217070.0,21217070.0,spatial
9011741,,21217120.0,propagation
9011753,,,
9011754,,21197150.0,propagation
9011755,,,
9011767,,21207960.0,propagation
9011779,,,
9011782,,21197110.0,propagation
9011791,,26087050.0,propagation
9011798,,21197030.0,propagation
9011804,,,
9011819,,,
9011821,,21197150.0,propagation
9011822,,21197150.0,propagation
9011829,,21197030.0,propagation
9011853,,,
9011858,,,
9011876,,,
9011904,,21217120.0,propagation
9011907,,,
9011913,,,
9011922,,,
9011931,,,
9011932,21197150.0,21197150.0,spatial
9011944,,,
9011952,,26107130.0,propagation
9011992,,,
9011998,,,
9012004,,,
9012008,,,
9012015,,26107130.0,propagation
9012056,,,
9012072,,,
9012073,,26087050.0,propagation
9012074,22077060.0,22077060.0,spatial
9012077,,,
9012098,22077050.0,22077050.0,spatial
9012113,,,
9012129,,,
9012140,,,
9012153,,22077060.0,propagation
9012155,,,
9012165,21197030.0,21197030.0,spatial
9012173,,26107130.0,propagation
9012204,,,
9012217,,,
9012221,,,
9012223,,26087050.0,propagation
9012225,,,
9012266,,,
9012334,,26087050.0,propagation
9012368,,,
9012374,,,
9012377,,,
9012378,21167050.0,21167050.0,spatial
9012384,,,
9012385,,21187030.0,propagation
9012386,,,
9012389,,22077030.0,propagation
9012390,,,
9012393,,,
9012394,22077030.0,22077030.0,spatial
9012395,,,
9012401,21187030.0,21187030.0,spatial
9012411,,,
9012428,,22077030.0,propagation
9012434,,21137010.0,propagation
9012454,,,
9012472,,,
9012473,,,
9012486,21197010.0,21197010.0,spatial
9012534,,,
9012562,21167090.0,21167090.0,spatial
9012566,,,
9012592,,,
9012596,,22057010.0,propagation
9012611,21167060.0,21167060.0,spatial
9012627,,26087050.0,propagation
9012628,26107130.0,26107130.0,spatial
9012639,,,
9012649,22067010.0,22067010.0,spatial
9012650,22057010.0,22057010.0,spatial
9012653,,,
9012656,,,
9012659,,21167090.0,propagation
9012669,,,
9012676,,,
9012693,,,
9012700,,,
9012721,,21137010.0,propagation
9012723,26087050.0,26087050.0,spatial
9012730,,22057070.0,propagation
9012735,,,
9012749,,,
9012759,,,
9012778,,22057070.0,propagation
9012801,,,
9012833,,,
9012843,,,
9012847,,,
9012866,,,
9012876,,,
9012877,,22067020.0,propagation
9012894,,,
9012910,21137010.0,21137010.0,spatial
9012915,,,
9012980,21137020.0,21137020.0,spatial
9012991,,21167090.0,propagation
9012999,22057070.0,22057070.0,spatial
9013009,,26067010.0,propagation
9013013,22067020.0,22067020.0,spatial
9013014,,21137050.0,propagation
9013033,,21167090.0,propagation
9013041,,21167080.0,propagation
9013051,,,
9013089,,,
9013090,,,
9013091,,,
9013096,,26067010.0,propagation
9013097,,,
9013099,,,
9013127,,21137050.0,propagation
9013132,,,
9013135,,,
9013184,,26067010.0,propagation
9013185,,,
9013190,,,
9013209,,,
9013211,,21137050.0,propagation
9013227,,,
9013244,,,
9013257,21167080.0,21167080.0,spatial
9013261,,21137050.0,propagation
9013263,,,
9013292,,22047010.0,propagation
9013318,,,
9013322,22047010.0,22047010.0,spatial
9013330,,26067010.0,propagation
9013331,,22047010.0,propagation
9013366,,,
9013373,,,
9013379,,26067010.0,propagation
9013385,,,
9013390,,,
9013393,,,
9013405,,,
9013406,,,
9013421,,,
9013427,,,
9013437,,,
9013445,,,
9013510,,21137040.0,propagation
9013525,,26067010.0,propagation
9013541,,,
9013542,,,
9013561,,,
9013563,21137040.0,21137040.0,spatial
9013564,,21137050.0,propagation
9013570,,,
9013611,,26067010.0,propagation
9013651,,,
9013654,,,
9013728,,26067010.0,propagation
9013754,,,
9013756,,,
9013762,,26067010.0,propagation
9013767,22057060.0,22057060.0,spatial
9013769,,22017020.0,propagation
9013780,,26067010.0,propagation
9013781,22017010.0,22017010.0,spatial
9013782,,,
9013789,,22017010.0,propagation
9013796,,,
9013797,,,
9013806,,22017020.0,propagation
9013818,,,
9013820,,,
9013823,,22017010.0,propagation
9013824,,22017020.0,propagation
9013838,,,
9013840,,,
9013858,,,
9013862,,,
9013866,,,
9013878,21137050.0,21137050.0,spatial
9013887,,,
9013901,22017020.0,22017020.0,spatial
9013908,,,
9013936,,,
9013937,,,
9013945,,,
9013960,,,
9013978,26067010.0,26067010.0,spatial
9013995,21147080.0,21147080.0,spatial
9014004,,,
9014005,,,
9014006,,,
9014014,,,
9014018,,,
9014027,,21097070.0,propagation
9014068,,,
9014106,,26057080.0,propagation
9014121,,,
9014124,,,
9014125,,22027020.0,propagation
9014126,,21097070.0,propagation
9014127,,,
9014132,22057050.0,22057050.0,spatial
9014173,,,
9014198,,26057080.0,propagation
9014217,,,
9014220,,,
9014225,,,
9014230,,22027020.0,propagation
9014236,,,
9014239,,,
9014241,,,
9014247,,,
9014248,21147010.0,21147010.0,spatial
9014252,21147030.0,21147030.0,spatial
9014254,,,
9014265,,,
9014271,,,
9014276,,21097070.0,propagation
9014278,,,
9014279,,21147030.0,propagation
9014297,,,
9014305,,,
9014311,,,
9014317,,22027020.0,propagation
9014324,,26057030.0,propagation
9014339,,21137030.0,propagation
9014346,26057080.0,26057080.0,spatial
9014347,,21097070.0,propagation
9014356,21137030.0,21137030.0,spatial
9014384,,,
9014392,,,
9014395,,,
9014397,26057030.0,26057030.0,spatial
9014398,,,
9014399,21147050.0,21147050.0,spatial
9014406,,,
9014410,,26027180.0,propagation
9014426,,,
9014446,,,
9014448,,21097070.0,propagation
9014473,,,
9014485,,22027020.0,propagation
9014486,,,
9014498,,,
9014503,,21097070.0,propagation
9014504,,,
9014512,,,
9014527,26027180.0,26027180.0,spatial
9014532,,,
9014543,,,
9014544,,,
9014572,,,
9014581,,26027010.0,propagation
9014589,,,
9014637,,21097070.0,propagation
9014638,,,
9014679,,,
9014693,,,
9014716,,26027010.0,propagation
9014717,,,
9014733,,26027010.0,propagation
9014734,,,
9014762,,,
9014787,,,
9014797,26057040.0,26057040.0,spatial
9014798,26027010.0,26027010.0,spatial
9014798,26057070.0,26057070.0,spatial
9014888,,26027210.0,propagation
9014890,,,
9014892,,,
9014914,,21097070.0,propagation
9014924,,,
9014928,,,
9014932,22027020.0,22027020.0,spatial
9014949,,,
9014950,,,
9014985,26047020.0,26047020.0,spatial
9014991,,21127020.0,propagation
9014995,,,
9015003,,,
9015016,,,
9015017,,,
9015023,,,
9015027,26027250.0,26027250.0,spatial
9015065,,26057160.0,propagation
9015091,26027210.0,26027210.0,spatial
9015119,,,
9015125,,,
9015163,,,
9015168,21097070.0,21097070.0,spatial
9015183,,,
9015202,,,
9015203,,21097120.0,propagation
9015204,,,
9015209,,,
9015218,,21127020.0,propagation
9015224,21127020.0,21127020.0,spatial
9015284,,21097120.0,propagation
9015299,,21097120.0,propagation
9015320,,,
9015323,,,
9015339,,,
9015356,,,
9015376,,,
9015397,,,
9015398,,,
9015441,,,
9015466,21127010.0,21127010.0,spatial
9015503,,,
9015504,26057160.0,26057160.0,spatial
9015505,21117100.0,21117100.0,spatial
9015505,21117080.0,21117080.0,spatial
9015592,,21097120.0,propagation
9015599,,,
9015610,,,
9015611,,,
9015616,,,
9015670,,21107020.0,propagation
9015688,,,
9015695,,,
9015713,,,
9015731,,26027100.0,propagation
9015738,,,
9015740,,,
9015741,,,
9015770,,,
9015773,,,
9015797,,,
9015798,,,
9015815,,,
9015823,,21107020.0,propagation
9015840,,,
9015841,21097120.0,21097120.0,spatial
9015918,,,
9015919,,,
9015920,,,
9015925,,,
9015928,,,
9015967,,,
9015968,,,
9015983,,,
9016017,21087040.0,21087040.0,spatial
9016018,21087080.0,21087080.0,spatial
9016035,,,
9016040,21087050.0,21087050.0,spatial
9016063,21087070.0,21087070.0,spatial
9016077,,,
9016078,,,
9016092,,,
9016113,,,
9016128,,,
9016136,,,
9016137,,26037010.0,propagation
9016148,,21077020.0,propagation
9016150,,,
9016167,,,
9016192,26027100.0,26027100.0,spatial
9016215,,,
9016242,,,
9016253,,26037030.0,propagation
9016256,,,
9016257,,,
9016268,,26027080.0,propagation
9016271,,,
9016272,21057130.0,21057130.0,spatial
9016281,,,
9016287,,,
9016291,21107020.0,21107020.0,spatial
9016295,,,
9016302,21107030.0,21107030.0,spatial
9016355,,26037030.0,propagation
9016364,26037010.0,26037010.0,spatial
9016429,,21057130.0,propagation
9016449,26037030.0,26037030.0,spatial
9016459,,,
9016476,,21057130.0,propagation
9016482,26027080.0,26027080.0,spatial
9016482,26027200.0,26027200.0,spatial
9016494,,,
9016495,21077020.0,21077020.0,spatial
9016518,,,
9016523,21057060.0,21057060.0,spatial
9016551,,,
9016556,,,
9016557,,21057060.0,propagation
9016560,,21057030.0,propagation
9016565,21057030.0,21057030.0,spatial
9016568,,,
9016569,,,
9016570,,21057060.0,propagation
9016588,26017030.0,26017030.0,spatial
9016588,26017020.0,26017020.0,spatial
9016589,,,
9016657,,21047010.0,propagation
9016660,,,
9016669,,,
9016674,,26017060.0,propagation
9016722,,,
9016861,,,
9016870,21057050.0,21057050.0,spatial
9016875,,,
9016885,,21047010.0,propagation
9016886,,21047010.0,propagation
9016967,,21057080.0,propagation
9016968,,,
9016985,,,
9017021,,21047010.0,propagation
9017041,21057080.0,21057080.0,spatial
9017053,,,
9017057,,21047010.0,propagation
9017116,,,
9017127,21057110.0,21057110.0,spatial
9017138,21047010.0,21047010.0,spatial
9017195,26017060.0,26017060.0,spatial
9017196,,,
9017206,,,
9017207,,,
9017240,,21027010.0,propagation
9017248,,,
9017274,,,
9017296,,21027010.0,propagation
9017314,,,
9017341,,21027010.0,propagation
9017345,,,
9017377,,,
9017378,,,
9017549,,21037010.0,propagation
9017599,,,
9017664,21027010.0,21027010.0,spatial
9017677,,,
9017684,,21017040.0,propagation
9017689,,21037010.0,propagation
9017697,,,
9017698,,21017040.0,propagation
9017784,,,
9017785,,21017040.0,propagation
9017789,,,
9017795,,,
9017861,,,
9017862,21017040.0,21017040.0,spatial
9017872,,,
9017880,,,
9017881,,,
9017882,,,
9017884,,,
9017889,,,
9017907,,,
9017908,,,
9017929,,,
9017950,,,
9017987,,21017060.0,propagation
9017990,,,
9017991,,21017060.0,propagation
9018010,21017060.0,21017060.0,spatial
9018017,,,
9018026,,,
9018066,,,
9018085,21017030.0,21017030.0,spatial
9018086,,,
9018087,21017020.0,21017020.0,spatial
9018102,,,
9018103,,,
9018120,21037010.0,21037010.0,spatial
9018124,,21017060.0,propagation
9018139,,21017050.0,propagation
9018140,,,
9018146,,,
9018203,,,
9018331,,,
9018340,,,
9018373,,,
9018376,,,
9018571,21017050.0,21017050.0,spatial
9018725,,,
